id,Label,timeset,seedrank,publishedatunix,time,channeltitle,channelid,videocategorylabel,defaultlanguage,defaultaudiolanguage,viewcount,likecount,commentcount,commentsdisabled,weighted degree,degree,modularity_class
AQwOWkQmZt0,Wattpad 101 - the BASICS you NEED to know before posting | Wattpad Wednesdays,,,1678116605,2023-03-06T15:03:05Z,caitlin fiffik,UCWW_iFecRiK_GK-VW26zqBQ,People & Blogs,en-US,en-US,26168,1049,113,0,9,8,G
bj_1OvI_7ZM,Wattpad Stories Be Like.. #wattpad #shorts #storytime #skit,,,1654034861,2022-05-31T22:05:41Z,Sierra Reed,UCZzW4P0fldbrpCMV-dqOoKg,People & Blogs,,en,1037223,72161,954,0,116,50,B
DZN1MlQBzj0,TikTok is Wattpad Now,,,1703001613,2023-12-19T16:12:13Z,Simmy,UCYhLb6hjCbUcIhFuIfmEiFQ,Entertainment,en-US,en-US,401649,25207,728,0,25,18,B
pyC-eMuHi4M,The boys find out what wattpad is‚Ä¶#shorts,,,1643200533,2022-01-26T12:01:33Z,Íú± ü è·¥õ ú·¥á Ä…™…¥xÍú±…™·¥ç·¥ò‚òΩìÜó,UCiHD291Jvy5C1snBp4iO3UQ,People & Blogs,,,171586,4932,121,0,29,19,B
H1Fl11MnEs4,READING YOUR WATTPAD MAIN CHARACTER MOMENTS,,,1671215866,2022-12-16T18:12:46Z,Alana Lintao,UCo-YTDONPvwPFe3ev8lOLDA,Comedy,,en-US,416385,16146,467,0,28,17,B
aEX0ggKjiqQ,the WATTPAD ALGORITHM - how to get your story recommended + ranking higher! | Wattpad Wednesdays,,,1632925801,2021-09-29T14:09:01Z,caitlin fiffik,UCWW_iFecRiK_GK-VW26zqBQ,Howto & Style,en-US,en-US,18066,1068,76,0,22,8,G
L8WxkOzhmv0,Alkazhai dan senja nya By Santrinaaa7 #rekomendasiwattpad #wattpadindonesia #wattpadstory #wattpad,,,1676343606,2023-02-14T03:02:06Z,Simus Official,UC2AKUsRWXm6AtrYz-AZz3ng,People & Blogs,,,791758,66835,233,0,120,47,A
V8_GF0UIHuY,If Wattpad Made a Movie #shorts,,,1632423607,2021-09-23T19:09:07Z,ThatVeganTeacher sSon,UCM_aY1EacSCif5FM8UZKNmQ,Comedy,,,294365,29218,202,0,16,12,B
knxHNFlDfo8,Mafya ve katil kar≈üƒ±la≈ümasƒ± mƒ±‚Ä¶ #wattpad #viral #ke≈üfet #books #tiktok,,,1709909841,2024-03-08T14:03:21Z,mrsviia | üïØÔ∏è,UCKx5XDF3kL1YTMdNgqx8DRA,People & Blogs,,,11739,408,15,0,2,2,C
WOCvcmRZbSE,reading SPICY wattpad fanfictions *tiktok boy edition*,,,1613343607,2021-02-14T23:02:07Z,deb smikle,UC6_k6I_WDQTRatg7emsItYQ,People & Blogs,,,2433611,113719,2880,0,123,23,B
1Oxxi5fDe4s,Judul : Halfway house by Raisyamq #wattpadstories #wattpadrekomendasi #wattpadstory #wattpad #fiksi,,,1708675202,2024-02-23T08:02:02Z,Simus Official,UC2AKUsRWXm6AtrYz-AZz3ng,Gaming,,,89848,7990,18,0,7,6,A
Khp9gUDCVNM,Enjoy your meal my good Sir. #imagine #wattpad,,,1687428470,2023-06-22T10:06:50Z,Princess Monisola,UCzBM-Dp8yNueB6sft4p_Ugg,People & Blogs,,,364280,18158,792,0,26,14,D
RWsZtVNXUro,His friends - üëÅüëÑüëÅ #wattpad #imagine #booktok #booktube,,,1689590842,2023-07-17T10:07:22Z,Princess Monisola,UCzBM-Dp8yNueB6sft4p_Ugg,People & Blogs,,,585608,29322,2133,0,60,27,D
Ikmxwan_YW0,‚Ä¢üìöLibros que te recomiendo leer si eres nuev@ en Wattpadüìö‚Ä¢,,,1632751710,2021-09-27T14:09:30Z,HappyGirl,UChKUu-ZuBYhnF4Y0cHH2L3w,People & Blogs,,,121306,9712,295,0,43,16,E
dKZl4pyZk6s,#shorts #imagine #wattpad #foryoupage #wattpadstories #wattpadstory #imaginestory #scenarios,,,1661998430,2022-09-01T02:09:50Z,Moreofkings,UCOgCTtF8iAnM1BNFOua0Yrg,People & Blogs,,,767728,,1085,0,105,32,D
RGqy_gcuCgM,TikTok‚Äôs ‚ÄúSexiest‚Äù Wattpad Show,,,1693183207,2023-08-28T00:08:07Z,Chad Chad,UCpmvp5czsIrQHsbqya4-6Jw,Comedy,,en-US,2989983,202476,5295,0,41,20,B
S8JehnByn64,MEN WRITING WOMEN | #menwritingwomen #booktube #satire #shorts,,,1686266930,2023-06-08T23:06:50Z,Stephanie Matarazzo,UCvEwypMKqaiFjQLtg9P4pWw,Entertainment,,,2924285,201740,4615,0,19,12,B
32UuNLo3jsM,Hehe wattpad readers are something else,,,1633510686,2021-10-06T08:10:06Z,Small Business TikTok Compilations,UCAE99BCqAueSqvj8pwXbxgQ,People & Blogs,,en-US,8439,437,17,0,7,7,B
F6NCXRgVdDg,the FASTEST ways to GROW on WATTPAD | 9 tips for more readers  followers  & fans |Wattpad Wednesdays,,,1632321003,2021-09-22T14:09:03Z,caitlin fiffik,UCWW_iFecRiK_GK-VW26zqBQ,Howto & Style,en-US,en-US,32596,1643,155,0,25,10,G
Obj8wwvzb3A,Your wattpad history was leaked...,,,1657299627,2022-07-08T17:07:27Z,Brad Martin,UCmZ5FTiSrdiBIUqYqqi1ZvQ,People & Blogs,,,66854,3515,175,0,29,18,B
eawoW6YH4Ak,I read a SMUTTY wattpad about myself **SUS**,,,1655578812,2022-06-18T19:06:12Z,Birlap,UClTjLH7_vr25SpI4ejerTwg,People & Blogs,,,79552,6562,437,0,73,8,B
cLqNESGvI3s,Solo los que tuvieron Wattpad entender√°n üòèüòèü§≠,,,1647298269,2022-03-14T22:03:09Z,‚ú®PaolaFlrss‚ú®,UC4oJ9bousI1AB61igdJ0hqQ,People & Blogs,,,172012,21321,322,0,43,18,E
mJYHwYyWo6o,Wattpad Series Be Like...,,,1682445964,2023-04-25T18:04:04Z,Sierra Reed,UCZzW4P0fldbrpCMV-dqOoKg,People & Blogs,,en,12574,646,48,0,9,6,B
SfWUbFYiY60,Judul : Cinta A dan S (AND) || by : Rahasia_885 #rekomendasiwattpad #wattpadindonesia #wattpad,,,1675321212,2023-02-02T07:02:12Z,Simus Official,UC2AKUsRWXm6AtrYz-AZz3ng,People & Blogs,,,611673,54930,151,0,67,34,A
ktDoeXSDjF4,Judul : Gus my husband by Nora_virah #rekomendasiwattpad #wattpadindonesia #wattpad #wattpadstory,,,1675684827,2023-02-06T12:02:27Z,Simus Official,UC2AKUsRWXm6AtrYz-AZz3ng,People & Blogs,,,400113,34376,60,0,53,30,A
iJFeYyeE3og,POV: You‚Äôre watching a live action Wattpad story üíÄü§£,,,1712152836,2024-04-03T14:04:36Z,Lady Yasmina,UC6GAT02jvUwJQI2DxH0h11g,Music,,,399100,49126,214,0,7,5,B
5au5N9yMSJY,ALEZRA by KusdinaAin #rekomendasiwattpad #wattpadindonesia #wattpad #wattpadstory #fiksi,,,1675915201,2023-02-09T04:02:01Z,Simus Official,UC2AKUsRWXm6AtrYz-AZz3ng,People & Blogs,,,1250893,85365,203,0,101,45,A
5Giij0O3Pdo,I read your wattpad fanfictions and now I regret it üòÉ,,,1680732003,2023-04-05T22:04:03Z,MARTIN,UCPIcVGId7EOqgf7RfmVnpcg,Entertainment,,en,142908,7571,475,0,26,10,B
FtVn26fgYNY,Wattpad T√∂rt√©netekre Reag√°l 2okos - 1. r√©sz,,,1707325202,2024-02-07T17:02:02Z,Napi Okos,UCOiknCdK8t4_HH5VCkRuqxw,People & Blogs,,,93026,2450,52,0,0,0,0
-MAJH7mmssg,ALINGGA by HumayAira14 #rekomendasiwattpad #wattpadindonesia #wattpadstory #wattpad #fiksi,,,1676174400,2023-02-12T04:02:00Z,Simus Official,UC2AKUsRWXm6AtrYz-AZz3ng,People & Blogs,,,383361,31530,58,0,28,21,A
6l15Y7LYlbI,imagine scenarios üå∂Ô∏è #pov #ynpov #wattpad #romantic #romance #shorts,,,1702544409,2023-12-14T09:12:09Z,WattpadDREAM,UCB1ZbFP1ENcldLqPkhLb5Ag,People & Blogs,,,359142,16984,650,0,14,10,D
fmDYq_4z6VQ,Imagine #7 /Tiktok:#imagine #wattpad #story #scenarios/Tiktok Compilation,,,1668628816,2022-11-16T20:11:16Z,bonk coin,UCepn0FbEiq4LiL40YfpKDbQ,Entertainment,,,739694,43923,2178,0,162,35,D
oO1vUBx482A,KANAGARA by AeriLHun #rekomendasiwattpad #wattpadindonesia #wattpad #wattpadstory #fiksi #cerita,,,1676016031,2023-02-10T08:02:31Z,Simus Official,UC2AKUsRWXm6AtrYz-AZz3ng,People & Blogs,,,534247,56119,104,0,56,31,A
uQwWvD9PoJM,#foryoupage #imagine #imaginestory #scenarios #shorts #wattpad #wattpadstories #wattpadstory,,,1662754020,2022-09-09T20:09:00Z,Moreofkings,UCOgCTtF8iAnM1BNFOua0Yrg,People & Blogs,,,225444,,326,0,58,14,D
L243TqJ10DA,Judul : Bucinable || by Queennyi_ || #rekomendasiwattpad #wattpadindonesia #wattpad #wattpadstory,,,1675245550,2023-02-01T09:02:10Z,Simus Official,UC2AKUsRWXm6AtrYz-AZz3ng,People & Blogs,,,2580778,149434,393,0,139,51,A
bLwW7HdOJzw,Cerita wattpad Seru #wattpadrekomendasi #wattpadstories #wattpadstory #wattpadindonesia,,,1668121930,2022-11-10T23:11:10Z,SHERENA [author: dnkaadrn] on wattpad,UC7ZYkgeoiOV9U11Nz9tDwiQ,People & Blogs,,,917790,64292,127,0,49,34,A
3ig6XnMUk-w,Judul : RENDEZVOUS by achaamrn #wattpad #wattpadstory #fiksi #wattpadstories #wattpadrekomendasi,,,1690347603,2023-07-26T05:07:03Z,Simus Official,UC2AKUsRWXm6AtrYz-AZz3ng,Gaming,,,981430,68956,200,0,70,39,A
UR8iE7dJuCE,pov: i got to experience my y/n wattpad moment with eunwoo,,,1660134371,2022-08-10T12:08:11Z,Andrea‚ô°,UCK9jp76Kg6iZxfuMNPXfv1Q,Music,,,3334398,,1321,0,15,14,D
ke_HI58Sheo,Judul : Dia Matahari by sisebelll #wattpad #wattpadstory #rekomendasiwattpad #rekomendasicerita,,,1689397230,2023-07-15T05:07:30Z,Simus Official,UC2AKUsRWXm6AtrYz-AZz3ng,Gaming,,,439194,37998,102,0,41,31,A
bR1Snjcfid8,Judul : My story zeby by sitikusminicemara #wattpadstory #wattpad #fiksi #wattpadstories #wattpader,,,1694196015,2023-09-08T18:09:15Z,Simus Official,UC2AKUsRWXm6AtrYz-AZz3ng,Gaming,,,709957,53716,65,0,26,19,A
7H18VzbOxlc,Wattpad Erkeƒüi #booktok #kitap #kitap√∂nerileri #kitaplar #reading,,,1666976267,2022-10-28T16:10:47Z,Adora Yagmur,UC2HLCAOrykFcBlcmtsADjxg,People & Blogs,,,2741847,146949,1309,0,157,38,C
kr4HOXyIUs4,wattpad comments are wild,,,1645966832,2022-02-27T13:02:32Z,ColeyDoesThings,UCtZwDE6dOD3MenKQzXNurVA,Entertainment,,en-US,489546,45303,2067,0,85,29,B
Dsuq4ax8k2U,JUDUL : IMMANUEL (AU on instagram @/wattpad.sya) #fiksi #au #cerita,,,1675569604,2023-02-05T04:02:04Z,Simus Official,UC2AKUsRWXm6AtrYz-AZz3ng,People & Blogs,,,839819,72428,109,0,68,38,A
y1Zpruhsrhs,Should You Post to Wattpad?,,,1578677400,2020-01-10T17:01:00Z,Alexa Donne,UCfwTRhTSM2NyJImC8HeUd1Q,Howto & Style,,en,107698,3922,630,0,10,7,G
WFWyQk5X04g,Story wattpad||By Martabakkolor||#Short #fyp #martabakkolor #areksa #samuelerlangga #canvatamvan,,,1651418600,2022-05-01T15:05:20Z,grhea ameda,UCoA4M-nb7ugc-QYm5LFUa9w,People & Blogs,,,75794,7302,27,0,12,11,A
KYg-CEyHaqA,Judul : Pemuda apel by: frdaa_04 #wattpadstory #wattpad #wattpadstories #wattpadrekomendasi,,,1696910410,2023-10-10T04:10:10Z,Simus Official,UC2AKUsRWXm6AtrYz-AZz3ng,Gaming,,,342981,25070,56,0,18,15,A
wsUoCZWsk_c,My friends and I read a SUS Wattpad written about all four of us,,,1646510428,2022-03-05T20:03:28Z,Birlap,UClTjLH7_vr25SpI4ejerTwg,People & Blogs,,,451631,31898,951,0,101,20,B
vwpWfptH29g,Love Letters by aloisiatherin #rekomendasiwattpad #wattpadindonesia #wattpad #wattpadstory,,,1676440819,2023-02-15T06:02:19Z,Simus Official,UC2AKUsRWXm6AtrYz-AZz3ng,People & Blogs,,,718383,58509,107,0,75,36,A
wjVocepQJNQ,Exploring the deepest pits of Wattpad,,,1657571598,2022-07-11T20:07:18Z,Caleb Joseph,UC5XSioOVXhyXzQIeotA_J_g,People & Blogs,en,en,319001,18891,857,0,32,13,B
oohFT4jyKmE,quavoüïäÔ∏è#imagine #foryoupage #imaginestory #scenarios #shorts #wattpadstories #wattpad #wattpadstory,,,1667444458,2022-11-03T03:11:58Z,Moreofkings,UCOgCTtF8iAnM1BNFOua0Yrg,People & Blogs,,,490777,24392,424,0,70,21,D
4owai-mWEOo,Judul : Great Girl by avidzalea #wattpadstory #wattpad #fiksi #wattpadstories #wattpadrekomendasi,,,1694188807,2023-09-08T16:09:07Z,Simus Official,UC2AKUsRWXm6AtrYz-AZz3ng,Gaming,,,370282,28318,,1,0,0,1
aLXsJMPzZ8E,AZZAMOZZA by NeysaAisyah #rekomendasiwattpad #wattpadindonesia #wattpad #wattpadstory #fiksi #cerita,,,1676188801,2023-02-12T08:02:01Z,Simus Official,UC2AKUsRWXm6AtrYz-AZz3ng,People & Blogs,,,455118,41469,120,0,55,30,A
aXkzyp_-aqo,Judul : Kiblat Cinta by awaliarrahman #wattpad #wattpadstories #wattpadrekomendasi #wattpadstory,,,1710219601,2024-03-12T05:03:01Z,Simus Official,UC2AKUsRWXm6AtrYz-AZz3ng,Gaming,,,1221956,24037,134,0,4,4,A
1nEIb6JAofo,WATTPAD | Draw My Life,,,1583519401,2020-03-06T18:03:01Z,TikTak Draw,UCXW9I3tejb37PGHyHcQc6hA,Entertainment,es,es,735354,64345,9638,0,50,25,E
UL8v2jvI0TY,Jodoh balqis by Aulia_132 #rekomendasiwattpad #wattpadindonesia #wattpad #wattpadstory #fiksi,,,1676185207,2023-02-12T07:02:07Z,Simus Official,UC2AKUsRWXm6AtrYz-AZz3ng,People & Blogs,,,677541,56672,264,0,88,42,A
ODOP2jRW-pA,exposing my wattpad fanfics to my FRIENDS,,,1624217379,2021-06-20T19:06:39Z,BENOFTHEWEEK,UC_UnVDztkvE1hw064XFTNSQ,Comedy,en,en,1029343,52031,4274,0,50,24,B
5CCI5U9e2Po,Judul : Kenapa harus dia by frdaa_04 (BUKAN cerita BL )#wattpadindonesia #wattpad #wattpadstories,,,1667977961,2022-11-09T07:11:41Z,Simus Official,UC2AKUsRWXm6AtrYz-AZz3ng,People & Blogs,,,2342319,59433,,1,0,0,2
9n4Sd6kztrQ,Wattpad yazdƒ±ƒüƒ±m kitaplar üñ§üé∂,,,1657912995,2022-07-15T19:07:15Z,bur√ßlar_nur,UCht9DUePK-x8d0ENkDs8EZw,People & Blogs,,tr,161337,5538,555,0,73,29,C
gZJrDwg-E28,Varislerin oyunu elimizde ü•π#booktok #kitap #booklover #wattpad #varislerinoyunu #indigo,,,1697739114,2023-10-19T18:10:54Z,Selin Solaris,UCbC0usBVSA1UwNJanwcPEDg,People & Blogs,tr,,483184,26983,682,0,63,24,C
u88OaO1JbhY,Tie me up like I‚Äôm a surprise #wattpad #imagine,,,1687955456,2023-06-28T12:06:56Z,Princess Monisola,UCzBM-Dp8yNueB6sft4p_Ugg,People & Blogs,,,215275,13127,411,0,34,18,D
ikR9wzuWYFU,Judul : marverick || authornya: madebytelurmanis #rekomendasiwattpad #wattpadindonesia #wattpad,,,1675836013,2023-02-08T06:02:13Z,Simus Official,UC2AKUsRWXm6AtrYz-AZz3ng,People & Blogs,,,368587,41245,140,0,88,39,A
dU5zLKptIrY,Judul : Lucifer || Author : vni0107 #rekomendasiwattpad #wattpadindonesia #wattpad #wattpadstory,,,1674793573,2023-01-27T04:01:13Z,Simus Official,UC2AKUsRWXm6AtrYz-AZz3ng,People & Blogs,,,387632,41689,132,0,95,41,A
PP9B-mOE7ns,reading the EDGY WATTPAD POEMS I wrote in high school because I don‚Äôt fear cringe,,,1682262016,2023-04-23T15:04:16Z,Faline San,UCVLw9wKPHxdBbboXEduN5jA,Entertainment,,en,527264,37914,1893,0,65,16,B
LQ2Ny0LQ_GI,Judul : ALFAREL by Natsya_1 #rekomendasiwattpad #wattpadindonesia #wattpad #wattpadstory,,,1674552042,2023-01-24T09:01:42Z,Simus Official,UC2AKUsRWXm6AtrYz-AZz3ng,People & Blogs,,,3317203,147958,,1,0,0,3
fdDJBiqIevQ,Judul : SHERENA by dnkaadrn #rekomendasiwattpad #wattpadindonesia #wattpadstory #wattpad #fiksi,,,1676001611,2023-02-10T04:02:11Z,Simus Official,UC2AKUsRWXm6AtrYz-AZz3ng,People & Blogs,,,286906,28077,55,0,12,10,A
2AhDO_f6GLY,#foryoupage #imagine #imaginestory #scenarios #shorts #wattpad #wattpadstories #wattpadstory,,,1662517595,2022-09-07T02:09:35Z,Moreofkings,UCOgCTtF8iAnM1BNFOua0Yrg,People & Blogs,,,562965,,747,0,137,38,D
ue_-JYHQmu4,how to PROMOTE your WATTPAD story to get READERS + what you should NEVER DO! | Wattpad Wednesdays,,,1633530607,2021-10-06T14:10:07Z,caitlin fiffik,UCWW_iFecRiK_GK-VW26zqBQ,Howto & Style,en-US,en-US,11405,682,54,0,23,9,G
_I7zdwKVFNA,#kitap #wattpad #viral #√∂tanaziokulu,,,1712142437,2024-04-03T11:04:17Z,ùëíùëëùëñùë°ùë§ùëôùëíùëüùíîùíî,UCfN8h12LaXdieRAoJE7ndfA,People & Blogs,,,187542,8341,252,0,25,17,C
wDS3o8_SAfU,5 MUST READ TAEHYUNG FANFICTION üí•(WATTPAD) #btsarmy #wattpad #taehyungff #taehyung #taehyungedit,,,1657909863,2022-07-15T18:07:03Z,It s Saggy,UC9697djQgF5tsFmU19b4KRg,Entertainment,,,141193,7749,488,0,11,4,B
X-doMkcO06Q,After a Year I FINALLY Return to Wattpad - Reading SPICY Fanfics Written about ME - Dannyphantom.exe,,,1675545301,2023-02-04T21:02:01Z,Danny Phantom exe,UCEUchVc4O_OnmPIaWv6MJ6A,People & Blogs,,en,105502,10195,695,0,42,17,B
88tTI4G3pwA,Gevariel by cokelatkrispi #rekomendasiwattpad #wattpadindonesia #wattpad #wattpadstory #fiksi,,,1676091603,2023-02-11T05:02:03Z,Simus Official,UC2AKUsRWXm6AtrYz-AZz3ng,People & Blogs,,,948426,59994,174,0,37,20,A
82vFlyHFWNQ,mi pap√° cuando me revise el Wattpad üåöüåöüåö XD,,,1671508306,2022-12-20T03:12:46Z,Sergio L√≥pez,UCAEkK-X-2ntwLxlx1ncGD6A,People & Blogs,,,43333,3121,114,0,12,8,E
NsMPfQGjleo,reading SPICY wattpad fanfictions *tiktok boy edition* pt.2,,,1623626406,2021-06-13T23:06:06Z,deb smikle,UC6_k6I_WDQTRatg7emsItYQ,People & Blogs,,,1885065,84903,2605,0,109,21,B
qaF9juTyo4A,What‚Äôs WattPad üòÇüíÄ #themanniishow.com/contest,,,1670284817,2022-12-06T00:12:17Z,The Mannii Show,UC3iwxKMRg5l2aDG_8XK2nSQ,Comedy,,en-US,805871,34705,861,0,32,19,B
W4CQdy_iODA,Judul : 30 Juz by Romlah204 #rekomendasiwattpad #wattpadindonesia #wattpad #wattpadstory,,,1674811797,2023-01-27T09:01:57Z,Simus Official,UC2AKUsRWXm6AtrYz-AZz3ng,People & Blogs,,,335247,33081,84,0,39,27,A
_qFKcnKX5Bs,READING *SPICY* WATTPAD STORIES once again...(this is too merchhh),,,1648236857,2022-03-25T19:03:17Z,Onyebabyyy,UC0c4-LOeEgaY-nb8tK41yQw,Howto & Style,,en,238157,8819,257,0,25,18,B
R4wgtEiPAxY,üß°·Äñ·Äê·Ä∫·ÄÄ·Äº·Ää·Ä∑·Ä∫·ÄÄ·Äº·Äï·Ä´·Äó·Äª·Åã #fiction #BL #wattpad #myanmarficbl,,,1669709865,2022-11-29T08:11:45Z,Myanmar Fic BL,UCQMUHdBsAEOHoPEfG5lKRjg,People & Blogs,,,12886,616,33,0,1,1,L
0K09i_az0Os,wattpad islami seru #wattpad,,,1680556243,2023-04-03T21:04:43Z,12kentang,UChbviQRM9BKMtwLh9VUAOfg,People & Blogs,,,149976,12433,42,0,39,25,A
FHDirwsrkzo,Judul : Habibie Mine || by matchaenak17 #rekomendasiwattpad #wattpadindonesia #wattpad #wattpadstory,,,1675688415,2023-02-06T13:02:15Z,Simus Official,UC2AKUsRWXm6AtrYz-AZz3ng,People & Blogs,,,181942,24044,50,0,47,25,A
AbjS1lVRTps,Vanya ( NEW VERSION ) by Elio153 #rekomendasiwattpad #wattpadindonesia #wattpad #wattpadstory,,,1676350806,2023-02-14T05:02:06Z,Simus Official,UC2AKUsRWXm6AtrYz-AZz3ng,People & Blogs,,,434425,42186,60,0,31,24,A
VD2EQpo2BgA,Errores de escritura que Wattpad puso de moda (parte 3) #wattpad #escritores,,,1673312924,2023-01-10T01:01:44Z,Arcade s Books,UC7MkZfrLCeE4Xwh9h2QnN0A,People & Blogs,es-419,es-419,42814,6437,96,0,17,9,E
vwm7auPfyGA,Judul : Setulus Cinta Gus Fahry || by Gakpnyanama_ #rekomendasiwattpad #wattpadindonesia #wattpad,,,1674615860,2023-01-25T03:01:20Z,Simus Official,UC2AKUsRWXm6AtrYz-AZz3ng,People & Blogs,,,1615841,80403,165,0,59,33,A
D4kmC2bNcQA,Judul : Gus my husband || by Nora_virah #rekomendasiwattpad #wattpadindonesia #wattpad #wattpadstory,,,1675573205,2023-02-05T05:02:05Z,Simus Official,UC2AKUsRWXm6AtrYz-AZz3ng,People & Blogs,,,319253,25565,42,0,29,20,A
o30l_ysvNMQ,Top bts fanfiction on wattpad#wattpad #bts #btsarmy #btsfanfiction #btsshorts #btsfanfictions,,,1635323508,2021-10-27T08:10:48Z,Wattpad recommendations,UCaIHi5pwFc0QNh8PeauNwOQ,People & Blogs,,,126298,6755,440,0,17,10,B
H_W8gT0GS14,Wattpad Be Like...,,,1644084011,2022-02-05T18:02:11Z,Brad Martin,UCmZ5FTiSrdiBIUqYqqi1ZvQ,People & Blogs,,,71051,3217,42,0,7,5,B
h2xi3-SCtcg,bayangin kalian di bonceng sm Ketua-nya:v #ccp #wattpad #shorts,,,1654555120,2022-06-06T22:06:40Z,Wattpad Queen,UC0sQ8xJXGPLC1UvsH2TltxA,People & Blogs,,,2989842,109082,2246,0,49,31,A
JLHfNrA3v9Q,HADES by Masr053 || GIRL by Masr053 #rekomendasiwattpad #wattpad #rekomendasicerita #wattpadstory,,,1686369609,2023-06-10T04:06:09Z,Simus Official,UC2AKUsRWXm6AtrYz-AZz3ng,People & Blogs,,,189697,20328,56,0,29,22,A
MLDaCh00OXg,8 TIPS TO GET MORE READS  VOTES  & READERS ON WATTPAD by AnakniRizal,,,1595480404,2020-07-23T05:07:04Z,AnakniRizal - Tales of Demi,UCAO8Ike4IduGab5hslphEJg,Education,,,100076,9859,1023,0,34,7,G
NpCMTwPXCLI,Wattpad islami #wattpad #wattpadrekomendasi #wattpadstory,,,1673322539,2023-01-10T03:01:59Z,12kentang,UChbviQRM9BKMtwLh9VUAOfg,People & Blogs,,,184845,13080,66,0,33,27,A
Pc9HEdCIA8s,CRINGE WATTPAD Hƒ∞KAYESƒ∞ OKUYORUZ!,,,1710947045,2024-03-20T15:03:05Z,Sezin Karame≈üe,UCwkb2P66zi-zxXXwMAvVYeA,Entertainment,tr,tr,225031,14021,1266,0,154,24,F
W9_2xQghshg,G√∂k√ßen edit-rana#ke≈üfet#wattpad#tutsunartƒ±k#binacizaneokur#kitap#g√∂k√ßen#viral#fyp,,,1682160198,2023-04-22T10:04:18Z,Bi  nacizane okur`,UCxfdGN6udAR9LqDY6276BnQ,People & Blogs,,,144280,9154,249,0,66,22,C
HoaF2WXUb1U,My mom after she saw my wattpad reading lists ü§£üôÇ,,,1650616639,2022-04-22T08:04:19Z,Sweemeow,UCZNfLy1I1pAHxaWzadwRBmA,People & Blogs,,,50196,1977,32,0,1,1,B
OU93wb6tgpk,straight out of wattpad #ytshorts #fyp„Ç∑„Çöviral #kdrama,,,1711812991,2024-03-30T15:03:31Z,ùì©ùì™ùìªùìªùì≤ùì≤ùì™ùì∑·µïÃà. Êµ∑,UCI9_elGdpgJ8TLrvf24zyIw,Entertainment,en,en,890730,79202,870,0,22,7,D
ZYbIdh7W3X0,Beyaz Leke edit-rana#ke≈üfet#wattpad#tutsunartƒ±k#kitap#binacizaneokur#aslƒ±arslan#beyazleke#shorts#fyp,,,1680332410,2023-04-01T07:04:10Z,Bi  nacizane okur`,UCxfdGN6udAR9LqDY6276BnQ,People & Blogs,,,588706,23004,516,0,107,29,C
z8Vtx4-rvCE,reading the WATTPAD FANFICTION I wrote when I was 12 because I embrace cringe,,,1675522847,2023-02-04T15:02:47Z,Faline San,UCVLw9wKPHxdBbboXEduN5jA,Entertainment,,en,1707552,112653,5487,0,106,33,B
YQgWbhovDD8,Wattpad Kapatƒ±lsƒ±n!,,,1678456830,2023-03-10T14:03:30Z,Adora Yagmur,UC2HLCAOrykFcBlcmtsADjxg,People & Blogs,,,123682,8775,1323,0,105,34,C
6IyV_cJvZdo,Bakugo y Deku leen PAPAS A LA FRANCESAüçü -„ÄêBNHA/ WATTPAD react„Äë,,,1669248908,2022-11-24T00:11:08Z,Young Friki Cosplay,UCsIl1G-4zExf3dHYxpZbeSg,Comedy,,es,412341,24004,1505,0,11,7,K
I-7pOvWEKi8,Judul : Love Letters authornya @aloisiatherin #wattpadindonesia #wattpad #wattpadstories,,,1667982197,2022-11-09T08:11:17Z,Simus Official,UC2AKUsRWXm6AtrYz-AZz3ng,People & Blogs,,,978158,33501,139,0,32,27,A
pPv1sPZ3Rio,Tudo sobre WATTPAD - Vantagens e Desvantagens | Marina Blanc,,,1671051628,2022-12-14T21:12:28Z,Marina Blanc,UCOhy1ajfLa3HY9iAcETjNJQ,Entertainment,pt,pt,8044,576,52,0,2,2,I
fbv9BeNPL1s,wattpad ter√∂r√º,,,1714137311,2024-04-26T13:04:11Z,Eda Okumu≈ü,UCiQ7K2ex_RdsZIy5r-WnZnw,Entertainment,,tr,119299,9888,1386,0,117,26,F
1kVurJVB4sw,Cringe Tercermundista: Wattpad,,,1631296810,2021-09-10T18:09:10Z,Ricardo Alcaraz,UCV5cU7ORoUCCAT79kSrOJmg,Comedy,,es-419,566741,51407,3147,0,56,18,E
H3NcqtP4KcI,the phenomenon of bad wattpad fanfiction,,,1585841222,2020-04-02T15:04:02Z,Jordan Theresa,UCN3FtxTrTFLni3wjRubbN4Q,Howto & Style,,,309071,18023,2151,0,18,9,B
1rjtZMkLtIU,Wattpad √áiftleri ‚Ä¢ Edit,,,1672600904,2023-01-01T19:01:44Z,ùô°ùôûùô´ùôñ ·•´·≠° ÷¥÷∂÷∏,UCLV8jLFZ3720hCpi82qkJYg,People & Blogs,,,171263,11070,738,0,185,32,C
7qj9_KoGkzc,Markiere ein Bookgirl üò≠ #wattpad #sebastianwilliams #deutsch #comedy #sketch,,,1701798852,2023-12-05T17:12:12Z,Sebvines,UC8-GiAH_gVknJQgqnpqBc2Q,Entertainment,,de,392102,29363,230,0,5,2,D
mGHgtdW-jr4,BRUTAL WATTPAD ADVICE from a Wattys winner and Wattpad Star | Wattpad Wednesdays,,,1615390561,2021-03-10T15:03:01Z,caitlin fiffik,UCWW_iFecRiK_GK-VW26zqBQ,People & Blogs,en-US,en-US,16392,961,122,0,15,6,G
YoXJ0KcxhoA,GUARANTEED ways to get #wattpad reads!,,,1678338014,2023-03-09T05:03:14Z,caitlin fiffik,UCWW_iFecRiK_GK-VW26zqBQ,People & Blogs,en-US,en-US,33316,2024,27,0,7,5,G
T12wO6Fcnhw,Judul : Habibie Mine || by matchaenak17 #rekomendasiwattpad #wattpadindonesia #wattpad #wattpadstory,,,1675681219,2023-02-06T11:02:19Z,Simus Official,UC2AKUsRWXm6AtrYz-AZz3ng,People & Blogs,,,1231558,79131,238,0,118,40,A
ACjSF1Rdx0g,PASS OR READ: Famous Wattpad Stories (Filipino),,,1610352005,2021-01-11T08:01:05Z,AnakniRizal - Tales of Demi,UCAO8Ike4IduGab5hslphEJg,Education,,,97005,6491,1386,0,29,2,G
QGVja7I7LTM,#foryoupage #imagine #imaginestory #scenarios #wattpad #wattpadstories #wattpadstory #shorts #fights,,,1675651456,2023-02-06T02:02:16Z,Moreofkings,UCOgCTtF8iAnM1BNFOua0Yrg,People & Blogs,,,466303,28236,432,0,65,19,D
E_iVDqBd9js,WATTPAD: manual de uso y supervivencia | Consejos de escritura | Javier Mir√≥,,,1680107443,2023-03-29T16:03:43Z,Javier Mir√≥,UCvmh9PbIRVGt8kKNznUoCBw,Education,es,es,14020,1234,124,0,14,9,E
EoiHC-tnkcU,Wattpad znovu √∫toƒç√≠! | KOVY,,,1636137970,2021-11-05T18:11:10Z,Kovy,UCGC8o-hW_TS-UpnThU0Wa1w,People & Blogs,,cs,383484,33477,836,0,32,2,N
v83sbCmObc8,Bahagia by Callmediaz #rekomendasiwattpad #wattpadindonesia #wattpad #wattpadstory #fiksi #cerita,,,1676019637,2023-02-10T09:02:37Z,Simus Official,UC2AKUsRWXm6AtrYz-AZz3ng,People & Blogs,,,872598,71581,432,0,95,38,A
9GXdXx1rCF8,The 10 Worst Things Wattpad Writers Do,,,1650661203,2022-04-22T21:04:03Z,Crystal and Felicity,UCnUp4i0ApFgf3wJ3TeaBcng,Howto & Style,en-US,en-US,1764,93,9,0,1,1,G
W8xdEYW4nGM,Wattpad/Fanfiction Tiktoks to watch cuz we hit 2000 subs :),,,1615976689,2021-03-17T10:03:49Z,Obsessed With Books,UCuSSOUhXpSI1IPIOE5z3xNw,Entertainment,,,1116808,52923,5545,0,85,32,B
GUFLaU0lHgI,Le√≠ TODOS mis Wattpad de AMOR üò≥,,,1670883347,2022-12-12T22:12:47Z,SoarinngChu,UC7-XX10XbcvAV7l4dNLYvSw,Gaming,,,124296,10600,296,0,3,3,E
nMeD1tnj6EE,Tips para escribir |Novatos  Wattpad  consejos| 2023,,,1680809207,2023-04-06T19:04:47Z,NeverGirlPan,UC5w33Xz4CO9rcIo0qXNFOtQ,People & Blogs,,es-419,27084,1798,128,0,8,7,E
cN0urhvvrlI,yarlasar- vi≈üne suyunun zehirli olmadƒ±ƒüƒ±nƒ± nerden biliyoruz?ü§® #ke≈üfet #kitap #booktok #wattpad,,,1714588633,2024-05-01T18:05:13Z,zehirli sarma≈üƒ±kkü§ç,UClnQJMecIcWOPdIW0iqImxg,People & Blogs,,,12148,530,18,0,7,6,C
Yeqv2U60GF4,Wattpad ü§¢ü§¢ü§¢,,,1675793445,2023-02-07T18:02:45Z,Ricardo Alca2,UCDV1MWcRLthxSrmb2Zv-jeg,People & Blogs,,,192023,17042,313,0,15,8,E
oFJx94sawg0,Cerita seru couple bucin üíï #wattpadrekomendasi #wattpadstories #wattpadstory #wattpadindonesia,,,1675813252,2023-02-07T23:02:52Z,SHERENA [author: dnkaadrn] on wattpad,UC7ZYkgeoiOV9U11Nz9tDwiQ,People & Blogs,,,1073943,32111,68,0,9,9,A
O-NBcDClt_c,Wattpad kƒ±zlarƒ± nasƒ±l mƒ± olur? #booktok #booktokturkey #kitap #kitap√∂nerileri,,,1681920303,2023-04-19T16:04:03Z,Adora Yagmur,UC2HLCAOrykFcBlcmtsADjxg,People & Blogs,,,1589743,75521,2318,0,96,24,C
recyx7kguYo,Judul : ZAYRA by sunflowerisx_ #wattpad #wattpadrekomendasi #wattpadstory #storyislami #fyp #shorts,,,1710238825,2024-03-12T10:03:25Z,uraaa,UCVHQeK2HU_uVGR1v4iRvW2Q,People & Blogs,,,9198,350,0,0,0,0,5
Su8-I_IBcoU,Intent√© leer un DARK ROMANCE +21 de WATTPAD (Lascivia) y esto fue lo que pas√≥ | Arcade s Books,,,1664136228,2022-09-25T20:09:48Z,Arcade s Books,UC7MkZfrLCeE4Xwh9h2QnN0A,People & Blogs,es-419,es-419,211647,15550,2198,0,192,21,E
KDXpQ3n2yIs,every wattpad story ever.,,,1628867182,2021-08-13T15:08:22Z,Dana Alexandrovna,UCAZ0KiU05jWoxFepyDk5oiA,People & Blogs,,,655943,66736,2146,0,62,26,B
mocTjhMkSrw,Nurdinin Yazdƒ±ƒûƒ± Islak Wattpad hikayelerini oKuyoruz üíÖüèº // Yazar Nurdi,,,1679405108,2023-03-21T13:03:08Z,Barƒ±≈ü Zorba,UCul6p9tl1iy7y424BrTatrg,People & Blogs,,tr,252699,14876,626,0,47,20,F
-EbMax_p-PQ,peki bu lakaplar (kitap karakterleri) #wattpad #sokakn√∂bet√ßileri #beyazleke #ate≈üpare #kitap #ke≈üfet,,,1683124722,2023-05-03T14:05:42Z,Burcu Celik,UCtAIJySEkBJzX-yZh0qf0YA,Music,,tr,103763,7427,393,0,87,28,C
-AXqTQjVFOk,BUNLARI OKUMADAN √ñL√úN! 11. b√∂l√ºm ve Cringe Wattpad Kitlesi,,,1666368300,2022-10-21T16:10:00Z,Alƒ±ntƒ±larla Ya≈üƒ±yorum,UCLDoHVW_FSN58EE52V193Ag,People & Blogs,,tr,36124,2266,641,0,53,27,C
gg5BLnI8mIM,#ke≈üfet #ke≈üfeta√ßƒ±l #ke≈üfetteyiz #wattpad #books #g√∂k√ßen #murathankarakurt #hakanadalƒ±,,,1708451540,2024-02-20T17:02:20Z,SadeceHakocanƒ±m,UCew6Nc9RNQXwRAERBte9sUg,People & Blogs,,,5402,587,19,0,3,3,C
FhXEmQVzdmQ,-ƒ∞sterdim- Wattpad karakterleri |Edit| (video bana ait deƒüil) #wattpad ~I,,,1659780410,2022-08-06T10:08:50Z,Eternallove_√áaƒütuüåπ#IrNil,UCbzbuzLw5BwvRmD0LIK8cfQ,People & Blogs,,,72404,4855,70,0,37,21,C
tm0og7iyT3Q,Bir Wattpad Klasiƒüi: Yabancƒ± - √ñznur Yƒ±ldƒ±rƒ±m [B√∂l√ºm 2],,,1665506274,2022-10-11T16:10:54Z,sirhatart,UCLwHRP7aDQKrlSRoWpz2bKg,Entertainment,,tr,87985,5678,1253,0,309,24,F
YtvS8et3HI0,Wattpad ·Äô·Äæ·Ä¨ Eng Novel ·Äê·ÄΩ·Ä±·ÄÄ·Ä≠·ÄØ ·Äô·Äº·Äî·Ä∫·Äô·Ä¨·Äò·Ä¨·Äû·Ä¨·Äñ·Äº·ÄÑ·Ä∫·Ä∑·Äñ·Äê·Ä∫·Äî·Ää·Ä∫·Ä∏,,,1652789645,2022-05-17T12:05:05Z,TK Sharing Channel,UCPHafYDIRA7_CaW9yS3EgDw,People & Blogs,,,52307,2048,92,0,0,0,6
VoOaAqapP7E,Judul: Surga-Nya Neraca || author: Dutahappygirl00 #rekomendasiwattpad #wattpadindonesia #wattpad,,,1675828811,2023-02-08T04:02:11Z,Simus Official,UC2AKUsRWXm6AtrYz-AZz3ng,People & Blogs,,,173746,20156,49,0,44,31,A
ABztjPE7tzU,Top Wattpad Romance Novels. love stories #wattpad #lovestory #novel,,,1658858694,2022-07-26T18:07:54Z,COMPLICATE,UCtHvYomkrrnHpOfECOWLZoQ,People & Blogs,,,194618,6973,223,0,9,6,B
VhPGCQVxXi8,Judul : AGRAVEN || author : 12kentang #rekomendasiwattpad #wattpadindonesia #wattpadstory #wattpad,,,1675486814,2023-02-04T05:02:14Z,Simus Official,UC2AKUsRWXm6AtrYz-AZz3ng,People & Blogs,,,363231,35983,92,0,34,22,A
WOwyzrbSjs0,#wattpad#booktok#scenarios#mafia #viral#wattpadbook#books #shorts #imagine #imaginescenarios,,,1697746205,2023-10-19T20:10:05Z,Katarina,UC1E2kn6yHg3s971Bq-sOHqw,People & Blogs,,,79592,4892,53,0,9,9,D
UTbMNsvWzE0,THIS HAS GONE TOO FAR.. (reading wattpad fanfictions),,,1659315846,2022-08-01T01:08:06Z,Alana Lintao,UCo-YTDONPvwPFe3ev8lOLDA,Comedy,,en-US,172095,7779,235,0,31,17,B
QIdk_kU38rM,yaralasar edit #kitap #yaralasar #maralatmaca #kitap #ke≈üfet #fyp #wattpad,,,1684341609,2023-05-17T16:05:09Z,OykuXeditss,UCZKjsSSrJYvrgUMIpNJD8vA,People & Blogs,,,137627,6949,265,0,82,24,C
1aWr0Eb-uuw,Enter our book boyfriends üòà Zade Meadows | Aaron Warner | Haunting Adeline | Shatter Me,,,1681075227,2023-04-09T21:04:27Z,laxreads,UCvN7m2Ps9l6q3gMA5NEWHNg,People & Blogs,,,1765036,103713,882,0,57,39,D
BcbBCJCISL0,Fantasy books | Book recommendation #booktube #wattpad,,,1670427638,2022-12-07T15:12:38Z,herbooksthetic,UCe9mhPv3Md2pirShM20Ouxw,Education,en,en,97543,6855,135,0,6,6,B
_nuinJejrEs,MIS AMIGOS LEEN UN WATTPAD DE ELLOS || Wattpad Parte 1,,,1713121898,2024-04-14T19:04:38Z,Xiaro sin funas,UCepGvghmp1kwLy9saO2BAhA,People & Blogs,,,584186,61798,2563,0,101,6,K
8O4EiQooITE,#oneshot #wattpad #viral #imagine #foryou #foryoupage #imaginestories #imaginescenarios,,,1686412806,2023-06-10T16:06:06Z,xInfiniteFlame,UCF_8t8uvC5dSV2fp-0zGmwQ,People & Blogs,,,333138,21263,643,0,33,21,D
194xlbZcy0Q,ICON 5 ZUSCHAUERIN 0NE NIGHT STAND MIT CALI üò± Wattpad Story Teil 3,,,1709658003,2024-03-05T17:03:03Z,Bzetbros,UC5IHoA-NdT0fWVynYfcCryg,Gaming,,,40864,1664,100,0,0,0,7
_v8q80UX0FI,Making MONEY on WATTPAD | everything you need to know | Wattpad Wednesdays,,,1649255413,2022-04-06T14:04:13Z,caitlin fiffik,UCWW_iFecRiK_GK-VW26zqBQ,People & Blogs,en-US,en-US,25176,626,51,0,10,6,G
jBw3XqFv_ck,Wattpad √∫toƒç√≠! | KOVY,,,1549465210,2019-02-06T15:02:10Z,Kovy,UCGC8o-hW_TS-UpnThU0Wa1w,People & Blogs,,cs,958641,53755,3033,0,31,1,N
92xjlj5K1YY,Wattpad comments make fun of Y/N | part 1,,,1639044978,2021-12-09T10:12:18Z,MxnicaEditz,UCnCsVQ6QzhhJJoccbotppGg,Film & Animation,,en,106602,4978,333,0,15,11,B
0LksETEex2Y,Wattpad ·ÄÅ·ÄØ·Äô·Äæ·ÄÖ·Äê·ÄÑ·Ä∫·Ä°·Äû·ÄØ·Ä∂·Ä∏·Äï·Äº·ÄØ·Äô·Ä≤·Ä∑·Äû·Ä∞·Äê·ÄΩ·Ä±·Ä°·Äê·ÄΩ·ÄÄ·Ä∫Wattpad·Ä°·Äû·ÄØ·Ä∂·Ä∏·Äï·Äº·ÄØ·Äî·Ää·Ä∫·Ä∏,,,1706172492,2024-01-25T08:01:12Z,Online Learning Academy,UCJxLGTC1q5nDYxmWEHiTOpw,Education,,en-GB,4130,69,9,0,0,0,9
zF7KwAF9gJU,[ZEPETO] ·ÄÄ·Äª·ÄΩ·Äî·Ä∫·Äô·ÄÅ·Äª·ÄÖ·Ä∫·Äê·Ä¨ ·Ä°·Äî·Ä∫·Äê·ÄÆ·ÄÄ·Ä≠·ÄØ‚ù£Ô∏èWattpad fic Girl Love üíô #myanmar #zepeto,,,1677937215,2023-03-04T13:03:15Z,Aeri ZEPETO,UCksSxBHSmMVwHQzGKv47KNg,People & Blogs,,,22127,793,24,0,1,1,L
v_CKEBcZveI,TikTok Boy s POVs That Remind Me Of Wattpad!ü§∞,,,1637435806,2021-11-20T19:11:46Z,TikTok Lobby,UCXnlIlDw-qf8VgeyB-3EWlw,Entertainment,,,721017,9278,432,0,16,14,B
G5p0CH2cRg0,Chronique Wattpad √Ä lire {parti 1}‚ú® #short #wattpad #chronique,,,1684263898,2023-05-16T19:05:58Z,Le A‚Äô 212ü§ç,UCLfxzWB191Sh49Cxm-VIbUw,People & Blogs,,,53588,2844,294,0,23,5,H
2S9v4BamOp8,Dekusquad read ‚ú®Wattpad Stories ‚ú® [] MHa/BNHA [] PT1,,,1645507157,2022-02-22T05:02:17Z,I QUITTED THIS ACC  PLS SEE RECENT VID,UC-sA5cPViRxsEvRum4Htn0g,Entertainment,,,2497392,65250,2489,0,139,27,B
DGMgSGEcFKg,Judul : ALEZRA by KusdinaAin #rekomendasiwattpad #wattpadindonesia #wattpad #wattpadstory #fiksi,,,1675746154,2023-02-07T05:02:34Z,Simus Official,UC2AKUsRWXm6AtrYz-AZz3ng,People & Blogs,,,728723,50389,76,0,25,17,A
ighDbxj7n-k,Pubblicare libri grazie a Wattpad? La mia esperienza.,,,1528374601,2018-06-07T12:06:01Z,Cristina Chiperi,UCaKYFupK5AyuAAxcEL3-wZw,Entertainment,,,39345,1996,144,0,10,3,J
4pvRNV1hWv8,fr tho | Wattpad | @itz.jaydaaa,,,1624991253,2021-06-29T18:06:33Z,Shoto Todoroki,UCGKHaBnQi2Txwk0Na-r5LlA,People & Blogs,,,303297,19246,225,0,32,23,B
6viCvTsI_3U,el himno de todo wattpadüòâ,,,1600717337,2020-09-21T19:09:17Z,jeonxpark,UCQLcWl4GsGoIH2encYHj7fA,People & Blogs,,,2448911,136398,2609,0,41,15,E
3lg6DCOEzYo,Are you in the mafia? üî• #aesthetic #love #badboy #mafiaromance #mafialove #wattpad #wattpadstory,,,1656989116,2022-07-05T02:07:16Z,Tgif,UCoNAvEWyKzaI-aKNYw8HMAw,People & Blogs,,,330477,9929,36,0,5,3,D
vvcTbUVgDDs,Judul di akhir video #wattpadindonesia #wattpad #rekomendasiwattpad,,,1674450662,2023-01-23T05:01:02Z,Simus Official,UC2AKUsRWXm6AtrYz-AZz3ng,People & Blogs,,,118372,11653,21,0,4,4,A
PUTDeMr1lOM,UNA NUOVA DROGA CHIAMATA FAVIJ ep 1 - wattpad,,,1568808022,2019-09-18T12:09:22Z,Leonardo Decarli,UCEVmUhWVfUzYCAq2LaewgOw,Entertainment,,it,325286,30104,646,0,2,2,J
lhqbPgZpxqU,WATTPAD jako tradycyjna ksiƒÖ≈ºka? Czy zaleje nas tandeta? | Strefa Czytacza,,,1676048436,2023-02-10T17:02:36Z,Strefa Czytacza,UCIFUzlJ4yDspwLmqAK-HGxg,Gaming,pl,pl,14686,852,106,0,0,0,12
sUj8r7vtdQw,#wattpadrekomendasi #wattpad #wattpadindo #wattpadstories,,,1667128479,2022-10-30T11:10:39Z,Nara - putra,UCqtLrt_Lg6NWkmq8aiWKEIg,People & Blogs,,,578905,37549,112,0,37,27,A
QuX2IDDQzdQ,KENDƒ∞ YAZDIƒûIMIZ CRINGE WATTPAD Hƒ∞KAYESƒ∞Nƒ∞ OKUYORUZ!,,,1638975765,2021-12-08T15:12:45Z,Sezin Karame≈üe,UCwkb2P66zi-zxXXwMAvVYeA,Entertainment,tr,tr,164169,11591,745,0,158,17,F
4K6z6NnMy78,karakterler ve sesleriii #kitaplar,,,1665152204,2022-10-07T14:10:44Z,Sadece Kardolar,UCyU5AYT7QiJXZtpZlCPKLVA,People & Blogs,,,265083,15446,431,0,126,32,C
WskMx1_PBv4,Percy Jackson reads Wattpad ~ |HoO + PJO| ~ GC,,,1653292809,2022-05-23T08:05:09Z,ÍßÅ Whisper ¬ß Luna ÍßÇ,UCMqAySh92hulkmKPk8IfV-w,People & Blogs,,,162880,6036,378,0,18,11,B
WuZOuahEmjQ,G√º√ßl√º Wattpad kadƒ±nlarƒ±,,,1679324650,2023-03-20T15:03:10Z,book _love _universe,UC0BD1dkx3IyepU_oY07twsw,Comedy,,en,48424,2716,169,0,65,26,C
rIqb1H6X-b8,Gadis koala by _Kataindah #rekomendasiwattpad #wattpadindonesia #wattpad #wattpadstory,,,1676437223,2023-02-15T05:02:23Z,Simus Official,UC2AKUsRWXm6AtrYz-AZz3ng,People & Blogs,,,535259,46448,96,0,37,26,A
5KmEZLMafro,A Wattpad story Azkaliya,,,1637118537,2021-11-17T03:11:57Z,Nara - putra,UCqtLrt_Lg6NWkmq8aiWKEIg,People & Blogs,,,842729,69350,293,0,63,32,A
LIM6LWpaA8M,FAQ partie 1 : conseils d √©criture  terminer un premier roman  Wattpad  couverture,,,1551891603,2019-03-06T17:03:03Z,Christelle Lebailly Auteur,UCYjY8Dkt72SDG8UYztwVcMw,People & Blogs,,fr-FR,9406,508,40,0,0,0,13
DHKmIB-ELt8,ye babam ye(17 Numara -Fatma ≈ûamata) #wattpad #17numara #fennayazar,,,1682774723,2023-04-29T13:04:23Z,Ate≈ü lordu ü§ôüèª,UCsDe9tzyE8BvsohwMxSYDeg,People & Blogs,,,48820,2693,121,0,31,18,C
bedF43jesMQ,WATTPAD ES EL BASURERO DE INTERNET,,,1631922353,2021-09-17T23:09:53Z,El Rinc√≥n Del Foco,UC33t7QyThIhg0TGSJy8JpVQ,Entertainment,,es-419,96108,9146,928,0,51,17,E
t95U3o54DcU,Bir Wattpad Klasiƒüi: Yabancƒ± - √ñznur Yƒ±ldƒ±rƒ±m,,,1664107236,2022-09-25T12:09:36Z,sirhatart,UCLwHRP7aDQKrlSRoWpz2bKg,Entertainment,,tr,169869,8688,1544,0,343,25,F
5qVa1gD7X1A,Y all Wrote The Most MURD*ROUS WATTPAD FANFIC Through a Google Form.. *HELP*,,,1657479602,2022-07-10T19:07:02Z,MARTIN,UCPIcVGId7EOqgf7RfmVnpcg,Entertainment,,en,129069,9647,519,0,39,15,B
TwH4ZlC0aMg,17 Numara Final -Spoi- |Edit| #17numara #wattpad #ke≈üfet #fyp ~I,,,1669473225,2022-11-26T14:11:45Z,Eternallove_√áaƒütuüåπ#IrNil,UCbzbuzLw5BwvRmD0LIK8cfQ,People & Blogs,,,49542,4006,160,0,37,18,C
2qz8esK0k04,Mha read wattpad comments||Bnha||No thumnail||x.Mushroom_Luna.x,,,1657988420,2022-07-16T16:07:20Z,ùî∏ùïûùïö_ùï©ùïúùïí,UCjgLzQXILLTlHtEiwbFNiVA,People & Blogs,,,66430,2130,145,0,13,4,B
LBdtXQnV8Ww,Need to have a word or two #booktok #booktube #imagine #stories #wattpad,,,1714571673,2024-05-01T13:05:33Z,Princess Monisola,UCzBM-Dp8yNueB6sft4p_Ugg,People & Blogs,,,11648,1698,38,0,55,14,D
pgywC7jA_NA,Lauhul mahfudz by Santrinaaaa-7 #rekomendasiwattpad #wattpadindonesia #wattpad #wattpadstory #fiksi,,,1676444416,2023-02-15T07:02:16Z,Simus Official,UC2AKUsRWXm6AtrYz-AZz3ng,People & Blogs,,,290295,25681,92,0,45,29,A
taqZLcXHB5s,Graziano by NoonaWii #rekomendasiwattpad #wattpad #rekomendasicerita #wattpadstory #wattpadstories,,,1686459624,2023-06-11T05:06:24Z,Simus Official,UC2AKUsRWXm6AtrYz-AZz3ng,People & Blogs,,,334340,28161,63,0,54,36,A
M5c2njHXOKs,¬øEs MEJOR publicar tu novela gratis en WATTPAD o autopublicar con AMAZON? ‚úçüèªüìñüíîüßù‚Äç‚ôÄÔ∏è,,,1652628612,2022-05-15T15:05:12Z,Jorge Mayo,UCI6ThKotp_TXsAhLR_PG49A,Entertainment,,,7443,398,63,0,3,2,E
Sp1EHluz9AA,The Girl He Never Noticed (Wattpad series) EP1 | You Can Let Go Now,,,1663664915,2022-09-20T09:09:35Z,Mediacorp Drama,UCnUQ8urh9t0vlHluTJdVLTg,Entertainment,,en,3640757,54520,1831,0,15,11,B
_6zTa095OoY,only wattpad people know it üòè(Mafia Type),,,1624681273,2021-06-26T04:06:13Z,ÏÇ¨ÎûëKbangtan7v,UCiNbNM285bXJ-HngXruL7VQ,People & Blogs,,,210707,15619,186,0,17,14,B
H70Na12dU0Q,wattpad de okumanƒ±z gereken kitaplar,,,1654366136,2022-06-04T18:06:56Z,muhte≈üem edit√ßiler,UCxUqSrRrE-NUUAQeOI2f9zg,People & Blogs,,tr,53188,2495,166,0,46,27,C
Qid4XoH-KpQ,ayang fiksi lebih menggodaüòç #ccp #wattpad #shors,,,1654644685,2022-06-07T23:06:25Z,Wattpad Queen,UC0sQ8xJXGPLC1UvsH2TltxA,People & Blogs,,,21264,1796,14,0,2,2,A
WkwHTVB00ow,Eftalya nerde? #aslƒ±arslan #wattpad #beyazleke #eftalyaatalar #tugaydemir√ßeviker cr: capcut eftall,,,1711553922,2024-03-27T15:03:42Z,ùôØùôöùôÆùô£ùôöùô•ùô•,UCilieJGU9cWVzVWIWUE3F0Q,Entertainment,,,10753,1870,46,0,19,15,C
TVl7xlQ5oZU,Bad boys in Wattpad be like #wattpad,,,1671675293,2022-12-22T02:12:53Z,Jernie Kia Marie Burong,UCpr9agiA0qEKzGSqxzRQBHA,People & Blogs,,,252907,13781,120,0,12,10,B
bwHvpqrkFKs,C√ìMO SUBIR TUS LECTURAS DE WATTPAD EN 2023 üí™ Tips para Wattpad,,,1674242876,2023-01-20T19:01:56Z,Sweethazelnut,UCy4PXIV1Vwfj99kZOds4Mnw,Howto & Style,es-419,es-MX,5693,510,64,0,5,4,E
SXkag2te0js,Judul : RIVAL by achaamrn #wattpadstories #wattpadrekomendasi #wattpadstory #wattpad #fiksi,,,1707822018,2024-02-13T11:02:18Z,Simus Official,UC2AKUsRWXm6AtrYz-AZz3ng,Gaming,,,60874,5917,23,0,3,3,A
SB54kexr8qY,Chronique Wattpad √Ä lire {parti 12} ‚ú® #chronique #wattpad #short,,,1686485540,2023-06-11T12:06:20Z,Le A‚Äô 212ü§ç,UCLfxzWB191Sh49Cxm-VIbUw,People & Blogs,,,19363,1214,60,0,12,4,H
6q5XRi8MwMM,#wattpad #francais #wattpadfr #imagine #imaginefr,,,1661674029,2022-08-28T08:08:09Z,ùï∞ùñùùñàùñëùñöùñòùñéùñõùñä ùïØùñéùñÜùñíùñîùñìùñâ ùï∏ùñîùñõùñéùñäùñò,UCubQXF1Gu40AQuaNwJKXuJg,Film & Animation,,fr,40025,3453,27,0,3,3,H
ReNlwdghWQ0,Judul : Arlan || author Naxama || #rekomendasiwattpad #wattpadindonesia #wattpadstory #wattpad,,,1675063508,2023-01-30T07:01:08Z,Simus Official,UC2AKUsRWXm6AtrYz-AZz3ng,People & Blogs,,,616314,39818,66,0,64,36,A
wM6nWRJE1bM,cerita wattpad oleh adawiya_nr #rekomendasiwattpad#wattpadstory#wattpadindonesia#wattpad,,,1677823688,2023-03-03T06:03:08Z,@authoradawiya_nr,UC2wf8npQzShzJgwQC1BrfIA,People & Blogs,,,42413,,31,0,9,9,A
mDnTL7oeTLA,Bu ƒ∞nsanlar Neden Wattpad Kitaplarƒ± Okuyor?,,,1643386505,2022-01-28T16:01:05Z,Alƒ±ntƒ±larla Ya≈üƒ±yorum,UCLDoHVW_FSN58EE52V193Ag,People & Blogs,,tr,22219,1033,307,0,29,12,C
18OdLw71IaY,Yaralasar Edit¬¶#fyp#ke≈üfetteyiz#ke≈üfetal#tutartƒ±k#maralatmaca#yaralasar#kitap#wattpad#ke≈üfet#shorts,,,1674237900,2023-01-20T18:01:00Z,Bi  nacizane okur`,UCxfdGN6udAR9LqDY6276BnQ,People & Blogs,,,259000,14490,520,0,120,30,C
BTfbo4f79jA,17 numara editüî•-rana#ke≈üfet#wattpad#fatma≈üamata#17numara#viral#okurum#kitap#binacizaneokur,,,1682685118,2023-04-28T12:04:58Z,Bi  nacizane okur`,UCxfdGN6udAR9LqDY6276BnQ,People & Blogs,,,84296,4521,186,0,49,23,C
vN-vCTIjmZ0,Drew&Ye≈üil ·Éö #wattpad #viral #ke≈üfet #edit #akƒ±m #yaralasar #maralatmaca #books #kitap√∂nerisi,,,1706457815,2024-01-28T16:01:35Z, åmber,UCbXMSMgNc5vz1UsYd6vpjQA,People & Blogs,,,344074,15356,372,0,35,16,C
PxAVIPDKVcw,This always happen #wattpad #imagine,,,1682489013,2023-04-26T06:04:33Z,Princess Monisola,UCzBM-Dp8yNueB6sft4p_Ugg,People & Blogs,,,251273,12248,383,0,25,18,D
1-OAYvb6lRU,I need. #spicy #imagine #loveromance #romance #wattpad #wattpadstory,,,1689650137,2023-07-18T03:07:37Z,Imagine princess,UC0VbPoJDyc6kOEX-49i4dqQ,People & Blogs,,,504048,,1612,0,16,13,D
GGD9j94eC7Q,Chronique Wattpad √Ä lire {parti 4} ‚ú® #chronique #wattpad #short,,,1684403466,2023-05-18T09:05:06Z,Le A‚Äô 212ü§ç,UCLfxzWB191Sh49Cxm-VIbUw,People & Blogs,,,7951,460,25,0,3,3,H
4Xj6OPBbNKI,Heaven  nama surga kelakuan neraka #wattpad #heavenwattpad #cerita #wattpadrekomendasi #story,,,1667053518,2022-10-29T14:10:18Z,Nara - putra,UCqtLrt_Lg6NWkmq8aiWKEIg,People & Blogs,,,100468,8798,50,0,29,24,A
3fkJDHT25IM,ESCRIB√ç el FANFIC MAS CRINGE de TODO WATTPAD... o algo as√≠,,,1633546802,2021-10-06T19:10:02Z,La zona de Gabo,UCfP7v_uRv_C9XxzhxC8UooQ,Entertainment,,es-419,76153,7950,882,0,75,15,E
aZuSJeGWL_c,wattpad life  but it is your reality,,,1659002414,2022-07-28T10:07:14Z,yld.a subliminals,UC2xtnwCeCGzyrGXjWgVpacg,Entertainment,,,1452424,29946,1311,0,4,4,D
w_GcOt08e08,C√≥mo conseguir m√°s lectores en Wattpad üí™ Tutoriales de escritura,,,1537591094,2018-09-22T04:09:14Z,Sweethazelnut,UCy4PXIV1Vwfj99kZOds4Mnw,Howto & Style,es-419,,56390,3978,1739,0,18,9,E
7WtFYhqecXM,Wattpad rekomendasi #wattpad #wattpader,,,1669860102,2022-12-01T02:12:42Z,12kentang,UChbviQRM9BKMtwLh9VUAOfg,People & Blogs,,,1108803,33322,192,0,55,34,A
cQ9dvffjFBs,LENDO AS PIORES FANFICS DO WATTPAD,,,1691845237,2023-08-12T13:08:37Z,Felipe Neto,UCV306eHqgo0LvBf3Mh36AHg,Entertainment,,pt,1402604,181440,5552,0,2,2,I
4XI1uF0QwPs,RESE√ëA HONESTA: DAMI√ÅN  de Alex M√≠rez (Wattpad) | Arcade s Books,,,1659935504,2022-08-08T05:08:44Z,Arcade s Books,UC7MkZfrLCeE4Xwh9h2QnN0A,People & Blogs,es-419,es-419,223181,15607,1278,0,167,17,E
308g-o2i8zM,Como escrever e publicar seu livro no Wattpad da forma correta,,,1633185901,2021-10-02T14:10:01Z,Lucas de Lucca,UCJ_7DbF6iRU3PNxAeCeZJwg,Entertainment,pt,,13713,921,64,0,0,0,17
nw2PtYolVIg,wattpad hikayesi yazdƒ±m (Avel Mevsimi yakƒ±nda t√ºm kitap√ßƒ±larda),,,1585050631,2020-03-24T11:03:31Z,Eda Okumu≈ü,UCiQ7K2ex_RdsZIy5r-WnZnw,Entertainment,,tr,309585,17678,1360,0,93,22,F
XlKxBy9zobA,His woman #wattpad #imagine #booktok #stories #spicy #spicybooks #booktube,,,1698212641,2023-10-25T05:10:01Z,Princess Monisola,UCzBM-Dp8yNueB6sft4p_Ugg,People & Blogs,,,356161,18135,271,0,28,19,D
-lVvpGPvemA,#foryoupage #imagine #imaginestory #scenarios #shorts #wattpad #wattpadstories #wattpadstory,,,1663027918,2022-09-13T00:09:58Z,Moreofkings,UCOgCTtF8iAnM1BNFOua0Yrg,People & Blogs,,,159286,8457,143,0,10,7,D
70pH1WTGT3M,CRINGE WATTPAD Hƒ∞KAYESƒ∞ OKUYORUZ... (√ßok k√∂t√º bu sefer...),,,1625065206,2021-06-30T15:06:06Z,Sezin Karame≈üe,UCwkb2P66zi-zxXXwMAvVYeA,Entertainment,tr,tr,467915,26400,1995,0,194,20,F
zdYNE8AkVnE,My favourite taekook ff on wattpad (part 4) #Taekook#toptae#topkook #wattpad #ff,,,1674474808,2023-01-23T11:01:28Z,BTS ARMY,UC2FQwSlpHm6IZz2e0cr6mzg,People & Blogs,,,22712,1174,70,0,4,2,B
S4z4MjZjhp4,iddia ediyorum... B√ñYLE Bƒ∞R WATTPAD Hƒ∞KAYESƒ∞ OKUMADINIZ!,,,1583250521,2020-03-03T15:03:41Z,Sezin Karame≈üe,UCwkb2P66zi-zxXXwMAvVYeA,Gaming,,,1070591,37587,3837,0,186,21,F
HwtQTtbp9pk,Part 44. It just get worse. #imagine #booktube #booktok #stories #wattpad,,,1714483642,2024-04-30T13:04:22Z,Princess Monisola,UCzBM-Dp8yNueB6sft4p_Ugg,People & Blogs,,,13060,1741,22,0,40,14,D
yqptVmCbkaA,Non pubblicate su WattPad (e simili),,,1600434016,2020-09-18T13:09:16Z,Uno scrittore sul web,UCMiXJRlM3CU_PIA9aY4h9fw,Education,,it,6535,217,54,0,1,1,J
a_fWgbqzf3Y,ga nyangka sama ending-nyaüòî #ccp #wattpad ##shorts,,,1683201552,2023-05-04T11:05:12Z,Wattpad Queen,UC0sQ8xJXGPLC1UvsH2TltxA,People & Blogs,,,35058,2634,22,0,15,12,A
EFJNDCtC6MI,Spreen en Wattpad,,,1653764483,2022-05-28T19:05:23Z,ClipSpreen,UCPaKqaJYtgIUt39mbvGEiiQ,People & Blogs,,,22566,2277,132,0,3,3,K
sU_0XvhXCHs,Best sad scene in (chasing the sun ) wattpad  solene  Duke  mitzie #chasingthesun #wattpad,,,1668084690,2022-11-10T12:11:30Z,SAM,UCprWUyJA__9u56M2DNfozSQ,People & Blogs,,,17870,397,14,0,0,0,19
nM7urb8aulM,Kitap;G√∂lgelerin Ka√ßƒ±≈üƒ± Wattpad hesabƒ±;Galaksidensize #booktube #wattpad #kitaptanƒ±tƒ±m,,,1714418039,2024-04-29T19:04:59Z,Wattygalakside,UCLFUc31abuUkftuRTcWXvaw,People & Blogs,,,11272,824,10,0,0,0,20
ZfkXyXIwmVM,Nova y Rakkun leen su historia de Wattpad,,,1687276821,2023-06-20T16:06:21Z,Rakkun Mapache ü¶ù,UClv31db1K58QiUNC16ItblQ,Gaming,,,53977,2303,61,0,2,2,E
_T2QMvg71G8,Wattpad kitap √∂nerileri #wattpadkitap√∂nerisi #wattpad,,,1679821899,2023-03-26T09:03:39Z,1sayfadaha,UC5RClHjFk59bxENorDvFvMQ,People & Blogs,,,11896,337,16,0,5,3,C
xHzhmnb9oUI,Judul : BETWEEN LIES by ejeyzip #wattpadrekomendasi #wattpadstories #wattpadstory #wattpad #fiksi,,,1710133224,2024-03-11T05:03:24Z,Simus Official,UC2AKUsRWXm6AtrYz-AZz3ng,Gaming,,,33386,2874,5,0,0,0,21
eUYlhpsPug4,Wattpad Kitaplarƒ±na Yazƒ±lan En Cringe Yorumlarƒ± Okuyup Yorumladƒ±m!,,,1645200901,2022-02-18T16:02:01Z,Alƒ±ntƒ±larla Ya≈üƒ±yorum,UCLDoHVW_FSN58EE52V193Ag,People & Blogs,,tr,36405,2123,320,0,20,10,C
VON22ZnHajc,Judul : ALFARIS by Kembang_Tulip #rekomendasiwattpad #wattpadindonesia #wattpadstory #wattpad,,,1674630352,2023-01-25T07:01:52Z,Simus Official,UC2AKUsRWXm6AtrYz-AZz3ng,People & Blogs,,,651787,44023,90,0,40,28,A
wDb5qZfjZgc,Here‚Äôs the truth #imagine #booktok #booktube #stories #wattpad #,,,1714598046,2024-05-01T21:05:06Z,Princess Monisola,UCzBM-Dp8yNueB6sft4p_Ugg,People & Blogs,,,11424,1585,42,0,49,15,D
XpY_PTJnlyY,Official Wattpad Trailer - Unfamiliar Twins (2021),,,1618402765,2021-04-14T12:04:25Z,Kadek Pingetania,UCEPgjESaTI_rH1QtwSpIWlg,People & Blogs,,,47877,2139,85,0,3,1,A
4DSAxZYJBlU,A+ (Wattpad Official Teaser),,,1594641657,2020-07-13T12:07:57Z,chocotwister,UCjZMDEcY3B2FF3ss8zR7sJQ,People & Blogs,,,160153,5279,192,0,6,4,A
b1M4zs78eS8,–û–¥–∏–Ω–∞–∫–æ–≤—ã–µ —Ñ–∞–Ω—Ñ–∏–∫–∏ –∏ –æ—Ä–∏–¥–∂–∏–Ω–∞–ª—ã —É–∂–µ –¥–æ—Å—Ç–∞–ª–∏ –º–µ–Ω—è! Ficbook Wattpad,,,1615312111,2021-03-09T17:03:31Z,Furious Ficreader,UC-ORWLoSq4ZEGh0cXwB_C1A,Entertainment,,,24836,1384,219,0,0,0,23
xDpOyjJnSAs,Part 2 #imagine #story #wattpad #booktok #book #son #life #truth #fyp #foryou #parttwo,,,1679198422,2023-03-19T04:03:22Z,xInfiniteFlame,UCF_8t8uvC5dSV2fp-0zGmwQ,People & Blogs,,,32464,2335,4,0,0,0,24
cyuTp1njwjw,Yaralasar edit -yagmur #binacizaneokur #wattpad #ke≈üfet #tutsunartƒ±k #okurum #kitap #viral,,,1691680927,2023-08-10T15:08:07Z,Bi  nacizane okur`,UCxfdGN6udAR9LqDY6276BnQ,People & Blogs,,,241605,10630,667,0,184,37,C
8PY36PSzS3E,YARALASAR | WATTPAD TANITIM,,,1616673554,2021-03-25T11:03:14Z,Melsakalentari,UCUzY07WBLMSKehVjWsbwqlA,Film & Animation,,,95896,2513,242,0,18,14,C
MykjfIEfjx4,üíó #ke≈üfet #kitap #book #ke≈üfetteyiz #kitap√∂nerisi #wattpad #kpop #ke≈üfetbeni√∂ne√ßƒ±kar,,,1683981710,2023-05-13T12:05:50Z,Sadecelerden Sudeü™ê,UCZ291nBUT-YhGhZrcNh-ZFg,People & Blogs,,,688840,,804,0,52,27,C
81_-cuz9cOA,LEYENDO NUESTROS fanfics CRINGE de GABITO X SEBAS en WATTPAD (Advertencia... MUCHO CRINGE),,,1639512012,2021-12-14T20:12:12Z,La zona de Gabo,UCfP7v_uRv_C9XxzhxC8UooQ,Entertainment,,es-419,70970,9012,492,0,54,11,E
zm5ZM-IJwdY,The Squad Reads DISTURBING FAN FICTION on Wattpad!,,,1629925218,2021-08-25T21:08:18Z,InquisitorMaster,UCS7b93ZwoL1xt2hR7a7l2mg,Gaming,,en,997771,37721,3272,0,9,6,B
MlBsWbEhwrI,5 TIPOS DE LECTORAS üìö COMO SON LAS CHICAS EN WATTPAD (PARODIA/SKETCH) üíú CLODETT,,,1667743220,2022-11-06T14:11:20Z,Clodett 2.0,UCNCNtIuHNUWr26PfyGW-KOQ,People & Blogs,es,es,179912,4495,208,0,1,1,E
eyqAn5JHBes,Wattpad rekomendasi,,,1672884510,2023-01-05T02:01:30Z,12kentang,UChbviQRM9BKMtwLh9VUAOfg,People & Blogs,,,214377,16793,68,0,40,29,A
fnWv4jGq1MM,#foryoupage #imagine #imaginestory #scenarios #shorts #wattpad #wattpadstories #wattpadstory,,,1674568100,2023-01-24T13:01:20Z,Moreofkings,UCOgCTtF8iAnM1BNFOua0Yrg,People & Blogs,,,260149,14869,697,0,158,36,D
KDhZzXFL3ow,CRINGE WATTPAD Hƒ∞KAYESƒ∞ OKUYORUZ... yine  yeniden..,,,1603627218,2020-10-25T12:10:18Z,Sezin Karame≈üe,UCwkb2P66zi-zxXXwMAvVYeA,Gaming,,,512555,27759,3105,0,163,18,F
7dVg0k0xltQ,Wattpad: zoraki evlilik,,,1650479796,2022-04-20T18:04:36Z,Sadecelerin Adaleti,UCCfKK4mpEJxoICYvE9liDCA,People & Blogs,,,885468,36505,977,0,73,27,C
232NfCD74Fw,TaeKook (Taehyung & Jungkook) Boys Love WATTPAD THIRST TikTok Thats Making Me Question My Sanity!,,,1681128458,2023-04-10T12:04:38Z,Ben Kim,UCDWpwuM-24XmnhMeQ0MlsKQ,People & Blogs,,,668475,33050,2326,0,10,10,B
l-0QA6hghTY,watty girls-rana#ke≈üfet#wattpad#tutsunartƒ±k#kitap#binacizaneokur#maralatmaca#ngkabal#siyam#beyazleke,,,1680792123,2023-04-06T14:04:03Z,Bi  nacizane okur`,UCxfdGN6udAR9LqDY6276BnQ,People & Blogs,,,314715,16871,449,0,122,31,C
USrqeIqUyCw,Je lis le premier chapitre de mon histoire wattpad,,,1626597002,2021-07-18T08:07:02Z,La bouquinade,UC9gWa0rfTfpBRWnEsi058zw,Entertainment,,,5016,339,47,0,0,0,26
_rl5D4euGg0,Dekusquad react to a WattPad story with ‚ú®ME‚ú®,,,1674369135,2023-01-22T06:01:15Z,Wonderrxo,UCaFJMXkl2-C4Jo1Rr10KeAw,People & Blogs,,,29524,1216,38,0,2,2,B
QVMDIcHiTl8,Reaccionando a una NOVELA PAGA DE WATTPAD üìñüí≤üò≥ | Arcade s Books,,,1623633308,2021-06-14T01:06:08Z,Arcade s Books,UC7MkZfrLCeE4Xwh9h2QnN0A,People & Blogs,es-419,es-419,66863,6106,587,0,76,12,E
v7sJjpfFE5k,‚òÅ‚ú®Tipos de lectoras de wattpad en wattpad.‚ú®‚òÅ #shorts,,,1635794338,2021-11-01T19:11:58Z,Spell,UCWfnPepaHfVWAT1gjN5Vt7Q,People & Blogs,,,38708,5215,144,0,22,12,E
WQqMhBfhSTs,Vinnie Hacker lendo wattpad,,,1617752920,2021-04-06T23:04:40Z,Vinnie Hacker PT-BR,UCEvIHtHjQlbSXjNwPrvepjA,People & Blogs,,en-US,450509,17386,283,0,2,2,I
b2E2mlTWucs,inti Ravispaüî• #ccp #wattpad #intiravispa #genkmotor #shorts,,,1646172866,2022-03-01T22:03:26Z,Wattpad Queen,UC0sQ8xJXGPLC1UvsH2TltxA,People & Blogs,,,44911,3798,14,0,0,0,27
7U67NhY-OAc,straight out of Wattpad üò©#monsterunderthebed #cpop #treanding #obsessed #ytshorts #youtube #wattpad,,,1710518740,2024-03-15T16:03:40Z,kcdrama_diary,UCnwg2Z5uLaO_ipdakh_gJ6g,People & Blogs,,,5125946,505507,3094,0,41,24,D
TYes6lgrXfA,WATTPAD - Comment avoir plus de vues - Conseils & Astuces,,,1584983375,2020-03-23T17:03:35Z,Anthony - Wattpad & Ecriture,UCCQF88racaTBdutA6rmqBwg,People & Blogs,,,3754,234,22,0,0,0,28
l5T7j2n5iKU,Zodiac Signs read to Wattpad Fanfic,,,1650285914,2022-04-18T12:04:14Z,Le Devil Duo,UC5LIFljXisz9yRZIL6V0NQQ,People & Blogs,,,22135,568,77,0,3,2,B
v4bYERQQeJM,Short animation commission for another Wattpad BL fiction ‚Äú·Äû·Ä¨·Ä∏·Äñ·ÄΩ·Ä¨·Ä∏·ÄÅ·Äî·Ä∫·Ä∏·ÄÄ ·Äõ·ÄÑ·Ä∫·ÄÅ·ÄØ·Äî·Ä∫·Äû·Ä∂‚Äù,,,1668786109,2022-11-18T15:11:49Z,VitaDrawing,UCOb8eVsuEeXshK1bGAKEI9A,People & Blogs,,,13196,554,18,0,0,0,29
HrjD6Y7oxPI,El himno de Wattpad,,,1606588335,2020-11-28T18:11:15Z,Dan Ldk,UCXaw1kJ2pV9CUmxRuOe-8-Q,People & Blogs,,,4577287,165946,2117,0,30,16,E
vz-97Z3sImQ,a vibe de fanfic de wattpad que essa m√∫sica passa √© incr√≠vel,,,1637626567,2021-11-23T00:11:07Z,ZOE,UCkAInRnZAHwQiQ5M3NjXxAw,Music,pt-BR,en,4317924,105076,1403,0,14,4,I
zh7Ar8x60TU,Perbedaan Nulis di Wattpad dan Fizzo,,,1685715687,2023-06-02T14:06:27Z,Nonadilau,UCYHVzmjiUy36pJX7EcoUp1A,People & Blogs,,id,17150,315,135,0,0,0,30
cKTV1dWHcbM,Je lis les pires fanfictions sur Wattpad (qui √©crit ce genre de choses ?),,,1664050696,2022-09-24T20:09:16Z,aesth√©au,UCbEyUF7dPcIV-P3H_R6rwkQ,Entertainment,fr-FR,fr-FR,12442,666,47,0,0,0,31
nUROpHKivDM,Gemes bgttü§≠ #wattpad #wattpadrekomendasi #wattpadstory #wattpadstories #wattpadbooks #i m promises,,,1697811285,2023-10-20T14:10:45Z,iema channel,UCARFuU8NN5M1fNTdlQN1MQA,People & Blogs,,,463202,20499,17,0,2,1,A
bPvOVdhL5IM,#kitap #wattpad #viral #ihtilal,,,1714130856,2024-04-26T11:04:36Z,ùëíùëëùëñùë°ùë§ùëôùëíùëüùíîùíî,UCfN8h12LaXdieRAoJE7ndfA,People & Blogs,,,8789,399,6,0,1,1,C
6ivojefbrnY,dark aesthetic vlog | ‚Äúliving the wattpad life  they said,,,1659360566,2022-08-01T13:08:26Z,ems,UCgoM60ZTjoUsi82A6KpSl1Q,Entertainment,,en,627880,17584,598,0,4,4,D
EMnPIv8Yx5Y,Trailer Lentera Senja on Wattpad by Alfia Ramadhani,,,1666682827,2022-10-25T07:10:07Z,Alfia Ramadhani,UCAWgTYxw9JInsyJ67lfeiGw,People & Blogs,,,108829,1430,7,0,4,4,A
OevU5jcMaTc,pov:ngajak bocil kerja#wattpad,,,1675427711,2023-02-03T12:02:11Z,Q_kyuboyz13üêø,UCbX_rtqWs6Yoz313yJ7w1UQ,People & Blogs,,,1324220,43385,131,0,20,17,A
pv-YJ62nvkc,Judul : ALASKA || by Natsya_1 || #rekomendasiwattpad #wattpadindonesia #wattpad #wattpadstory #fiksi,,,1675071081,2023-01-30T09:01:21Z,Simus Official,UC2AKUsRWXm6AtrYz-AZz3ng,People & Blogs,,,196835,25193,30,0,24,15,A
Qkh1AJqR9Jg,Judul : HUSHAQILLA  author holipehh28 #rekomendasi #wattpad #wattpadindonesia #wattpadstory,,,1680756176,2023-04-06T04:04:56Z,Atunazasih,UCLgzlOphzOBbG2fEgzcK2Eg,People & Blogs,,,46634,2271,11,0,3,3,A
rCOEk-2Ektw,Leyendo fanfics ro√±osos de WATTPAD que USTEDES recomendaron,,,1681070419,2023-04-09T20:04:19Z,Samotino,UCjbwxfGaVWDJOjHIcSkpSCw,Comedy,,es-419,126582,11716,337,0,28,15,E
e6dkI0ihVcc,More context in the next part. #booktube #imagine #stories #wattpad #booktok,,,1714602457,2024-05-01T22:05:37Z,Princess Monisola,UCzBM-Dp8yNueB6sft4p_Ugg,People & Blogs,,,9300,1253,34,0,54,15,D
r9REy3d6GqQ,Si le√≠ste Perfectos Mentirosos  de ley debes saber est√° canci√≥n,,,1631077231,2021-09-08T05:09:31Z,Euphoric.,UCHjNB_ZZntUsR-LkhAQUR7A,Music,,,284140,15356,301,0,9,7,E
TANaeLJtGqU,Like father like daughter #booktok #imagine #stories #wattpad #booktube,,,1714602494,2024-05-01T22:05:14Z,Princess Monisola,UCzBM-Dp8yNueB6sft4p_Ugg,People & Blogs,,,14501,1800,37,0,50,16,D
Lbh0TqLCK84,#Wattpad,,,1636688342,2021-11-12T03:11:02Z,Nadia Riski,UCXoowHS6hBur45jK_JpF01w,People & Blogs,,,58614,6300,21,0,7,7,A
CZ-Zhi37_qw,Wattpad edit-rana#binacizaneokur#ke≈üfet#wattpad#tutsunartƒ±k#kitap#siyam#yaralasar#daren#maralatmaca,,,1685629083,2023-06-01T14:06:03Z,Bi  nacizane okur`,UCxfdGN6udAR9LqDY6276BnQ,People & Blogs,,,100343,7005,260,0,77,25,C
3teGFYfnMV0,–ö–∞–∫ –Ω–∞–π—Ç–∏ —Å–≤–æ—é –∞—É–¥–∏—Ç–æ—Ä–∏—é –Ω–∞ Wattpad,,,1596537978,2020-08-04T10:08:18Z,KseniaBlueRay ü™∏ü´ß,UCFjjj9Wlc6s7qpGQN6Fs9BA,People & Blogs,,ru,4065,217,0,1,0,0,32
OpkvPu6O0oI,00.00 (ameysiaa) : Jantung Aku Rusak Kar  WATTPAD : Voice by puisi hati,,,1634945556,2021-10-22T23:10:36Z,Puisi Hati11_,UCp_TGd1I8AUQYII0nkUL5iA,Entertainment,,,125071,3459,86,0,11,10,A
aivUBNttbwo,LIVROS DO WATTPAD QUE VIRARAM FILMES!!,,,1613660401,2021-02-18T15:02:01Z,WattBug,UCdmM8VZFFr71o-7nSlPAOQA,Entertainment,,pt-BR,17569,862,68,0,1,1,M
YVTtN9_d-cQ,[FMV] Amerta ‚Ä¢wattpad story‚Ä¢,,,1627719955,2021-07-31T08:07:55Z,sbinchoi,UCKhGdmYvkpafYtzGPiBhz5g,Music,,,19738,1188,23,0,0,0,33
MpK2bcwvP_M,‚ú®Tu nuevo libro de wattpad  esta aqu√≠.‚ú® #shorts #wattpad,,,1638981669,2021-12-08T16:12:09Z,Spell,UCWfnPepaHfVWAT1gjN5Vt7Q,People & Blogs,,,18762,,,1,0,0,34
kL4jx8LEiZI,Chronique Wattpad √Ä lire {parti 7} ‚ú® #chronique #wattpad #short,,,1684670498,2023-05-21T12:05:38Z,Le A‚Äô 212ü§ç,UCLfxzWB191Sh49Cxm-VIbUw,People & Blogs,,,75976,4419,186,0,25,7,H
h5z0-vjavk4,Imagine scenarios || Y/N POV || #booktube #bookworm #tiktokvideo #imagine #wattpad #shorts,,,1677153372,2023-02-23T11:02:12Z,Lifya s Imagination,UCUuUswiufMAcTJeJbW6NJbA,Entertainment,,,224948,,191,0,33,17,D
0UAUGtp1HpI,Cute imagine scenario || TT: wildest_imagination_ #bookworm #tiktokvideo #wattpad #imagine #readers,,,1676988530,2023-02-21T14:02:50Z,Lifya s Imagination,UCUuUswiufMAcTJeJbW6NJbA,Entertainment,,,935910,,679,0,58,27,D
-iVSzvX378U,WHAT IS WATTPAD APP??||CELEBRITYREADSHUSH|| INDIAN BOOKTUBER,,,1523985005,2018-04-17T17:04:05Z,celebrityreadshush,UCOAW7l7YqsCPJQW8_IKpErw,People & Blogs,,en-GB,23143,264,44,0,3,3,D
xrkRo1MRms4,C√°ch S·ª≠a L·ªói Khi Kh√¥ng ƒê·ªçc Truy·ªán ƒê∆∞·ª£c ·ªû Wattpad M·ªõi Nh·∫•t,,,1624967396,2021-06-29T11:06:56Z,P·ªù Linh,UCkCvj01nAXx4DW8xkzSU-Ig,People & Blogs,,,8900,92,55,0,0,0,36
LjjrqltwPgk,Les meilleurs chronique üñ§. #meilleurs#Chronique#Wattpad,,,1683720227,2023-05-10T12:05:47Z,M‚Äôü¶ö,UC8G0sh_UBhlKfL-tzEByKjw,People & Blogs,,,16154,676,54,0,5,3,H
A9mGXn74axM,[FMV] Istiqlal & Katederal ‚Ä¢wattpad story‚Ä¢,,,1603549095,2020-10-24T14:10:15Z,sbinchoi,UCKhGdmYvkpafYtzGPiBhz5g,Music,,,201039,15302,,1,0,0,37
Hlua5fwQPKo,Publier son roman sur Wattpad ( avantages et inconv√©nients).,,,1668357002,2022-11-13T16:11:02Z,Sarah Joan Auteure,UCtBPn5S8N1n32QuJiTyy48A,Education,,fr,4089,165,18,0,0,0,38
Q3g6mI1GoqU,üéÄ LA RIVERS LEYENDO el NUEVO WATTPAD con EL MC TRIO üëÄ ‚úçÔ∏è,,,1646381918,2022-03-04T08:03:38Z,FAN DE LA RIVERS XD,UCFQH8RqO8T14Spt6woO0y2w,Gaming,,,52278,1939,17,0,0,0,39
C-c4BWX5lic,NON Cercare MAI  WGF  Su WATTPAD - Leggo le FanFiction sui WGF,,,1647007205,2022-03-11T14:03:05Z,Nova,UCT7IdBZ7n2R9k_4w4RELqaQ,Comedy,,it,27387,2517,227,0,1,1,B
o9M3WswrwFY,sad ending lebih ga warasüò≠üíî #ccp #wattpad #shorts,,,1640079247,2021-12-21T09:12:07Z,Wattpad Queen,UC0sQ8xJXGPLC1UvsH2TltxA,People & Blogs,,,116285,10075,67,0,14,11,A
YcGvIlFfo4I,Trailer Wattpad Story Septihan by Poppi Pertiwi,,,1587226166,2020-04-18T16:04:26Z,Poppi Pertiwi,UCw4XYvMCC0QLtN7bMFoYL-w,People & Blogs,,,969490,46822,1512,0,12,10,A
mIDvEWEitwA,Pqueen - Ormantik Mafya ƒ∞simli Wattpad Kitabƒ±nƒ± Okuyor !,,,1638998048,2021-12-08T21:12:08Z,Pqueen ve Dada≈ülar,UCWXhdQ7Qi5Qd4Mla4a9SN6Q,Entertainment,tr,tr,201679,5515,370,0,37,15,F
i3H3dUlyRn8,Povesti de Groaza de pe Wattpad - 666,,,1613904425,2021-02-21T10:02:05Z,Zappy TV,UCZSq5uTSwpzpI6aCA8Pxlzg,Comedy,,ro,173120,13842,512,0,0,0,40
x2Mvh0uOqr4,Coming soon Diamond Gang #wattpad #samuel #areksa #diamondgang,,,1656819984,2022-07-03T03:07:24Z,WattpadStory,UC5oUbWd_Kc3D5l_MwDeKV4Q,People & Blogs,,,47241,5502,37,0,9,9,A
x6pNMM7mvp4,Cara mendapatkan banyak pembaca di wattpad | Promo cerita wattpad,,,1638171901,2021-11-29T07:11:01Z,putrilagilagi,UCrm4IJgvWAgBnvS3s4VOflw,Education,,id,34034,2182,124,0,10,9,A
DKQ3UVulLTM,¬øJUDAS NO TRAICION√ì A JES√öS? fanfics CURSEADOS de WATTPAD || Sam Ghostish,,,1641593162,2022-01-07T22:01:02Z,Samotino,UCjbwxfGaVWDJOjHIcSkpSCw,Comedy,,es-419,32558,3311,178,0,11,7,E
FKCk_nrxeFg,You and Rose üî™üî™üî™= üíÄüíÄüíÄ. #wattpad #imagine #booktok,,,1688037576,2023-06-29T11:06:36Z,Princess Monisola,UCzBM-Dp8yNueB6sft4p_Ugg,People & Blogs,,,204715,10522,876,0,37,19,D
j7rYPziLiN0,Valentina I WATTPAD TRAILER,,,1628066683,2021-08-04T08:08:43Z,iconebelike,UC1lzmnWMD50dMyOM4CgIlYg,People & Blogs,,,24320,941,70,0,0,0,41
sw4xbIedDPo,H2o Wattpad stories be like: #h2ojustaddwater #h2o #wattpad #shorts #fanfiction,,,1655429739,2022-06-17T01:06:39Z,Tyler Warwick,UCkfn-TNZ2dq8yl9P4DWKv_w,Entertainment,,en-US,15572,1385,30,0,1,1,B
CrdqLdZPLVw,Taekook ff for sm*t readers#taekook#wattpad,,,1677075143,2023-02-22T14:02:23Z,BTS ARMY,UC2FQwSlpHm6IZz2e0cr6mzg,People & Blogs,,,12366,374,18,0,3,1,B
rvlkiFshC7M,At least let me ‚ú®finish‚ú® begin taking me üòí #imagine #wattpad,,,1687321921,2023-06-21T04:06:01Z,Princess Monisola,UCzBM-Dp8yNueB6sft4p_Ugg,People & Blogs,,,79071,3395,22,0,2,1,D
i5kLH1up2ew,gn. #foryoupage #imagine #imaginestory #scenarios #shorts #wattpad #wattpadstories #wattpadstory,,,1685933581,2023-06-05T02:06:01Z,Moreofkings,UCOgCTtF8iAnM1BNFOua0Yrg,People & Blogs,,,272300,,746,0,22,16,D
Bo-sGLcsfDU,¬øQuieres Un juguete?  (wattpad) #wattpad #brunoMariano #boyslove,,,1645150005,2022-02-18T02:02:45Z,Ame Paz,UC7_vSuJTO11unNXrhl17heA,People & Blogs,,,223064,16781,250,0,3,3,E
_CdI6Oawlu8,5 Consigli per farsi conoscere su WATTPAD | Giulia K. Monroe,,,1568310309,2019-09-12T17:09:09Z,Giulia K. Monroe,UCcRSFo_OpUNOR9SCxED58Vg,People & Blogs,,,9160,561,79,0,9,2,J
9ERMpd7UH9E,la gente en wattpad es RARA,,,1661056041,2022-08-21T04:08:21Z,Balu,UCPnlDoZvmpcUcmIaRx71FSA,Entertainment,,,286055,24247,953,0,104,27,E
fxDux3WztWQ,Zoraki Evlilik klasik watty kƒ±zƒ± #ke≈üfet #shorts #fyp #kitap #wattpad#anasayfa #imnotcool#kesfetol,,,1653144113,2022-05-21T14:05:53Z,Taewlix_ww,UCi4S-6ass44uIkLHRyuTXnw,People & Blogs,,,351739,14925,368,0,69,27,C
ygPpJY-prks,How To Fix Wattpad App Not Working Problem Android & Ios - Wattpad Not Open Problem Solved,,,1600284920,2020-09-16T19:09:20Z,SP SKYWARDS,UCb0pF0kFxXIHUMlhs8kNoDw,Education,en,en,52438,,112,0,1,1,B
5kvxzoL2aCI,WATTPAD TO DNO DNA,,,1584618629,2020-03-19T11:03:29Z,KJEBAB,UCPmGGo9R3yccgJho9eMIaBA,Comedy,pl,pl,1160532,46400,3622,0,1,1,G
CzkKwr3u0Nc,Canva Narendra voice (kamu nanya?) #wattpad #wattpadindo #wattpadrekomendasi #canvanarendra #voice,,,1668340932,2022-11-13T12:11:12Z,andini farenda,UCFijGtez8pNpvQ0p-14etig,People & Blogs,,,37520,4566,13,0,10,10,A
ghj0A77r7iA,essa m√∫sica parece que saiu diretamente do wattpad ( Õ°¬∞ Õú ñ Õ°¬∞)‚ï≠‚à©‚ïÆ,,,1644020357,2022-02-05T00:02:17Z,ZOE,UCkAInRnZAHwQiQ5M3NjXxAw,Music,pt-BR,en,828847,25702,418,0,11,1,I
IShDaypFgyI,Spreen: Nunca m√°s pienso leer wattpad,,,1645149755,2022-02-18T02:02:35Z,SpreenPoio,UCI8UL3JMoHqfaNTgjxr-Xnw,People & Blogs,,,38730,1910,79,0,3,3,E
irNkoDf8NJA,[Tiktoks sobre ‚ú®üõê Wattpad üõê‚ú®] parte 1,,,1635909012,2021-11-03T03:11:12Z,Lya_B00ks,UCzZ73byEGT8lW4ZVcKHGs4A,People & Blogs,,,15745,430,3,0,0,0,43
wC_7B30fL5Y,Pqueen - Ma√ßa Kƒ±zƒ± 8 Wattpad Kitabƒ±nƒ± Okuyor!,,,1640209999,2021-12-22T21:12:19Z,Bacoli,UCNikC8Vv3vAwZcq_mDDgwUQ,Entertainment,,,116437,2731,801,0,65,25,F
8psd2PPtarg,#Ÿàÿßÿ™ÿ®ÿßÿØ #ÿ±ŸàÿßŸäÿßÿ™ #jk #wattpad #ÿ¨ŸàŸÜÿ∫ŸÉŸàŸÉ #ŸàŸÜÿ¥Ÿàÿ™_ÿ¨ŸàŸÜÿ∫ŸÉŸàŸÉ#trending,,,1714061125,2024-04-25T16:04:25Z,Ÿ≠‚òÖchen grice‚òÖŸ≠,UC98wp4LIz3BJjw8Cuv1r-cg,People & Blogs,,,92246,4574,101,0,0,0,44
XO5dkAKoSh4,KUZEN - 37.8 Milyon Okunma - 01 - WATTPAD Hƒ∞KAYELERƒ∞ ve PUBG,,,1589885281,2020-05-19T10:05:01Z,Can Sungur ve Yakƒ±n Evren,UC6q0eGHt5euC8aYLDjhaHpA,Gaming,,tr,107921,4115,568,0,62,10,F
WwJX99f0Dzc,When cRaZy meets CrAzY = bodies #wattpad #imagine #booktok,,,1687640759,2023-06-24T21:06:59Z,Princess Monisola,UCzBM-Dp8yNueB6sft4p_Ugg,People & Blogs,,,134567,7256,95,0,30,18,D
4nt_xMzNK1o,#jungkook #wattpad #wattpadstories #wattpadforyouŸàÿßÿ™ÿ®ÿßÿØŸäŸàŸÜ #ÿ±ŸàÿßŸäÿßÿ™,,,1679244141,2023-03-19T16:03:21Z,CARMN || ŸÉÿßÿ±ŸÖŸÜ,UCK0M0GJPT88pQN1JI_a4DBQ,People & Blogs,,,597005,26250,,1,0,0,45
IeuiCQLagb8,UNFORGETTABLE LINES IN WATTPAD #TIKTOK #WATTPAD,,,1635398422,2021-10-28T05:10:22Z,ISLET MONTEFALCO,UCnb3Og75gfUKdP7NEPUsbyg,People & Blogs,,,34809,2826,44,0,8,7,B
2EzBBeeBpKQ,#wattpad 12kentang,,,1682645501,2023-04-28T01:04:41Z,12kentang,UChbviQRM9BKMtwLh9VUAOfg,People & Blogs,,,37667,3116,9,0,16,15,A
UA9-j1zYfCM,√áaƒüan ve Medusa hakkƒ±nda konu≈üalƒ±m ‚ù§Ô∏è‚Äçüî•#wattpad #kitap√∂nerisi #booktok #kƒ±≈üg√ºnd√∂n√ºm√º,,,1714566756,2024-05-01T12:05:36Z,fairy,UCUUJH4W3jA9eMwggEN0tqfQ,People & Blogs,,,3093,134,8,0,1,1,C
bZfrEHlsZGQ,GU√çA B√ÅSICA DE WATTPAD,,,1591207211,2020-06-03T18:06:11Z,Nana Literaria,UCkOw6bjWe0TqlLY-wCrmoGA,Entertainment,,,106532,3094,281,0,9,8,E
PoedpMmW2Y4,#wattpad #rekomendasi #wattpadstory #love #short #azkaliya #foryou,,,1679055307,2023-03-17T12:03:07Z,diniispy,UCpccNNJeDNjtv6dOlWnYI6A,People & Blogs,,,181505,8954,28,0,7,5,A
l6aadSXimnA,WATTPAD ISLAMI,,,1663752291,2022-09-21T09:09:51Z,12kentang,UChbviQRM9BKMtwLh9VUAOfg,People & Blogs,,,26276,1329,17,0,6,6,A
FM-FVskNUwM,Beyaz leke edit-rana#ke≈üfet#wattpad#kitap#tutsunartƒ±k#beyazleke#aslƒ±arslan#tugaydemir√ßeviker#eftalya,,,1679063985,2023-03-17T14:03:45Z,Bi  nacizane okur`,UCxfdGN6udAR9LqDY6276BnQ,People & Blogs,,,161558,,192,0,36,15,C
7z-Cf2K2zJE,netflix turned our worst wattpad nightmare into a movie...,,,1594584004,2020-07-12T20:07:04Z,Casey Aonso,UCKGMrHJRXyM_WmPKS-lvE2A,People & Blogs,,en-CA,1232847,61797,4917,0,30,16,B
XB1WQ7DOA_A,every wattpad fanfiction ever #shorts #wattpad #y/n #cringe,,,1660308527,2022-08-12T12:08:47Z,itsuki,UCeN9gHgMwot7bvkNXllQIBQ,People & Blogs,,,51305,3887,185,0,14,12,B
hpmjVAgskkQ,Wattpad Bagus Enggak Sih?,,,1666008026,2022-10-17T12:10:26Z,Podluck Podcast Collective,UC1WJVkXNtGAXyv4_mqCA1Jg,Entertainment,,,2015,76,20,0,0,0,46
lE5JH-ey3wc,Wattpad Account·Äñ·ÄΩ·ÄÑ·Ä∑·Ä∫·Äî·Ää·Ä∫·Ä∏,,,1684915202,2023-05-24T08:05:02Z,The Bridge (FOR MAAR),UCk6856fLQiUGMGUZeKSmNsA,People & Blogs,,,11044,112,19,0,0,0,47
wAu53Li5VVo,WATTPAD SERU #wattpad ALZHEIGARA by 12kentang #wattpadstory #wattpadrekomendasi,,,1687229270,2023-06-20T02:06:50Z,12kentang,UChbviQRM9BKMtwLh9VUAOfg,People & Blogs,,,629210,26437,50,0,28,23,A
3JVCC6meTuQ,#wattpadindonesia #rekomendasiwattpad #wattpad,,,1673929786,2023-01-17T04:01:46Z,Simus Official,UC2AKUsRWXm6AtrYz-AZz3ng,People & Blogs,,,52772,3750,11,0,7,7,A
rOE4sta_PxI,Ceren Melek-Atespare(V)Edit¬¶¬¶#fyp#wattpad#ke≈üfet#kitap#cerenmelek#ate≈üpare#ke≈üfetteyiz#tutsunartƒ±k#v,,,1673725140,2023-01-14T19:01:00Z,Bi  nacizane okur`,UCxfdGN6udAR9LqDY6276BnQ,People & Blogs,,,222842,9862,148,0,43,21,C
hfcFELj3_OM,Judul : Kenapa harus dia by frdaa_04 #wattpadstories #wattpadrekomendasi #wattpadstory #wattpad,,,1708660816,2024-02-23T04:02:16Z,Simus Official,UC2AKUsRWXm6AtrYz-AZz3ng,Gaming,,,68726,6989,14,0,7,7,A
hyzx6327-Vs,klasik watty kƒ±zƒ± √ºvey abim #ke≈üfet #shorts #fyp #kitap #wattpad#anasayfa #imnotcool#kesfetol,,,1653248818,2022-05-22T19:05:58Z,Taewlix_ww,UCi4S-6ass44uIkLHRyuTXnw,People & Blogs,,,83204,3649,87,0,31,21,C
HPAEqO_n4Mo,Wattpad expliqu√© en 8 min - lecteurs et auteurs,,,1660265740,2022-08-12T00:08:40Z,Tha√Øs Mnd,UC754K7FBEwLMKv4B4QE-wPA,People & Blogs,fr,fr,6407,124,41,0,0,0,48
aIffEtoTaoM,El POL√âMICO Wattpad - El sitio para lectores y escritores - #ESimple,,,1677124632,2023-02-23T03:02:12Z,Entorno Simple,UCVv5N5rLruVYQWatHInl-xw,Science & Technology,es-MX,es-419,11374,475,56,0,11,8,E
AbY2EA7EyVc,Dekusquad read ‚ú®Wattpad Stories‚ú® [] PT2 [] MHA/BNHA [] üíïCREDITS IN DESCüíï,,,1651703621,2022-05-04T22:05:41Z,I QUITTED THIS ACC  PLS SEE RECENT VID,UC-sA5cPViRxsEvRum4Htn0g,Entertainment,,,1116866,32594,1350,0,121,18,B
EUzu8FPMWB8,EL SHIP SE HACE CANON || Wattpad Parte 2,,,1714232930,2024-04-27T15:04:50Z,Xiaro sin funas,UCepGvghmp1kwLy9saO2BAhA,People & Blogs,,,163683,27282,2682,0,100,6,K
gEQYJWTkKM4,TRABZON A GELƒ∞N - 01  babam k√∂t√ºyd√º  - WATTPAD Hƒ∞KAYELERƒ∞ ve PUBG,,,1584612345,2020-03-19T10:03:45Z,Can Sungur ve Yakƒ±n Evren,UC6q0eGHt5euC8aYLDjhaHpA,Gaming,,tr,117927,6605,607,0,72,14,F
CFdXTIFmnqE,Uh oh #booktube #booktok #stories #wattpad #booktube #imagine,,,1714288410,2024-04-28T07:04:30Z,Princess Monisola,UCzBM-Dp8yNueB6sft4p_Ugg,People & Blogs,,,22548,2356,103,0,77,16,D
xgU1ctRVh64,COMO MONETIZAR SUA HIST√ìRIA NO WATTPAD!! CORRE!!,,,1617556572,2021-04-04T17:04:12Z,WattBug,UCdmM8VZFFr71o-7nSlPAOQA,Entertainment,,pt-BR,11776,688,75,0,1,1,M
hUdHytOsAiM,el himno de las historias +18 de wattpad,,,1620936671,2021-05-13T20:05:11Z,Louis es vida.,UCiszLEOPFwG9K3Rzou3AW-w,Music,,es-419,1609072,42332,649,0,26,9,E
kEYocnJK920,TikTok Boy s POVs That Remind Me Of Wattpad!ü§∞,,,1663180656,2022-09-14T18:09:36Z,TikTok Lobby,UCXnlIlDw-qf8VgeyB-3EWlw,Entertainment,,,214826,2140,113,0,6,6,B
oFR9puIqxXo,Tulisan Sastra ( Short Story ) || Wattpad by Tenderlova,,,1650151384,2022-04-16T23:04:04Z,Peachy Bomb,UCzPHzQt0EtGZtCoRW86HnvQ,People & Blogs,,,5792,181,1,0,2,2,A
qgMoioS91tQ,Imagine avec ton premier amour: Irresistible √©vidence dispo sur wattpad,,,1669279427,2022-11-24T08:11:47Z,Sol√®ne Odbt,UCrfQ9jDyBE-VsrzVQJgsT7A,People & Blogs,,,26190,1153,7,0,3,3,H
mlPKpgrpmhU,#wattpad #imaginefr #imagine,,,1660387371,2022-08-13T10:08:51Z,ùï∞ùñùùñàùñëùñöùñòùñéùñõùñä ùïØùñéùñÜùñíùñîùñìùñâ ùï∏ùñîùñõùñéùñäùñò,UCubQXF1Gu40AQuaNwJKXuJg,Film & Animation,,fr,224837,12925,105,0,4,4,H
ZHvSVQ5J-2s,ÿ±ŸàÿßŸäÿ© ŸÅÿÆŸÖÿ© üí• #ÿ±ŸàÿßŸäÿßÿ™ #wattpad #jungkook #Ÿàÿßÿ™ÿ®ÿßÿØ #explore #foryou #fyp„Ç∑ #wattpadstories #viral#shorts,,,1683024564,2023-05-02T10:05:24Z,CARMN || ŸÉÿßÿ±ŸÖŸÜ,UCK0M0GJPT88pQN1JI_a4DBQ,People & Blogs,,,59239,2988,107,0,0,0,51
9SCAEQW9qwM,üìö: Fierce love by Pihuwrites18 on Wattpad and scrollstack #wattpad #books #shorts #bookstagram,,,1713328838,2024-04-17T04:04:38Z,Pihuwrites18,UC0FQwEHRgr0OkBM146y1Bqg,People & Blogs,,,5678,121,2,0,0,0,52
00jMS-Jv8GA,O QUE √â WATTPAD?,,,1594135811,2020-07-07T15:07:11Z,Jess do Tarot,UCkb-hGfcA0b8-E2LB4d3WCg,Entertainment,,pt-BR,11797,548,32,0,1,1,E
gR8THEYr7bk,It is done #imagine #booktok #stories #booktube #wattpad,,,1714410104,2024-04-29T17:04:44Z,Princess Monisola,UCzBM-Dp8yNueB6sft4p_Ugg,People & Blogs,,,14429,1830,37,0,51,16,D
SvxR3qkUcTc,ŸÉŸäŸÅ ÿßÿ≥ŸàŸä ÿ≠ÿ≥ÿßÿ® ŸÅŸä Ÿàÿßÿ™ÿ®ÿßÿØ Wattpad üíØ,,,1661005881,2022-08-20T14:08:21Z,ÿ£ÿ®ÿØÿßÿπ ŸÑŸÑŸÖÿπŸÑŸàŸÖŸäÿßÿ™ - Abda3 Information,UC3_WWKOL09MEd2HnMAmxjmQ,Education,,,191738,2119,334,0,0,0,53
NUOaaaiV2uM,PqueeN ve Can Sungur Wattpad Okuyor / PqueeN Sadece Sohbet - 7.07.2021,,,1630407612,2021-08-31T11:08:12Z,Sadece PqueeN Konu≈üuyor,UCR6jH2dlqts6HmgfmWNcFfQ,Entertainment,,tr,309817,6197,256,0,37,14,F
vg5XZOUqnwA,–ö–ê–ö –Ø –°–¢–ê–õ–ê –ü–û–ü–£–õ–Ø–†–ù–ê –ù–ê WATTPAD?ü§≠ (–º–æ—è –∏—Å—Ç–æ—Ä–∏—è),,,1623608707,2021-06-13T18:06:07Z,Ariana Markiza,UCR06jMyJq6PWIUpKZ-Ji7aA,People & Blogs,,en,10982,334,54,0,0,0,54
tuvkFd6EKV8,#wattpad # #Ÿàÿßÿ™ÿ®ÿßÿØ #Ÿàÿßÿ™ÿ®ÿßÿØŸäŸàŸÜ#ÿπÿ®ÿßÿ±ÿßÿ™,,,1676998118,2023-02-21T16:02:38Z,CARMN || ŸÉÿßÿ±ŸÖŸÜ,UCK0M0GJPT88pQN1JI_a4DBQ,People & Blogs,,,385962,18430,,1,0,0,55
PxpDU47sw0A,Baca Wattpad punya kalian,,,1684242377,2023-05-16T13:05:17Z,FirmanGG,UCNWz2BoXXw6Z-GcYGpzn_ew,Gaming,,,34556,2009,107,0,1,1,A
RxCXZkbyJVY,He s a Kidnapper (Wattpad Full Movie),,,1600085879,2020-09-14T12:09:59Z,MVTS CHANNEL,UCxsvwJZzcbhO4EocCqGs9tQ,Entertainment,,en,958864,5742,73,0,1,1,B
qyIF-x_AHF8,Canci√≥n que Shane pens√≥ dedicarle a Jules en  mi amor de wattpad  üìñ,,,1636293896,2021-11-07T14:11:56Z,heheRock,UCWNrSnNCFrqyLGwCZ3SfEGA,People & Blogs,,,5577,272,16,0,0,0,56
8z9Jo4oXeGg,BAD GIRL EYL√úL ve Dƒ∞LARA (GEY) - Can Sungur ile WATTPAD,,,1641470855,2022-01-06T12:01:35Z,Can Sungur ve Yakƒ±n Evren,UC6q0eGHt5euC8aYLDjhaHpA,Gaming,,tr,81052,4049,204,0,45,13,F
PqH9FaCHjEA,Sheesh he can‚Äôt take a joke #booktube #stories #booktok #wattpad,,,1714484098,2024-04-30T13:04:58Z,Princess Monisola,UCzBM-Dp8yNueB6sft4p_Ugg,People & Blogs,,,25229,3470,246,0,78,21,D
nosQW1oRpXM,JUDUL : AKALANKA : KUTUB ES BY Yonanadiah #wattpad #wattpadindonesia #wattpadstories,,,1666585057,2022-10-24T04:10:37Z,Simus Official,UC2AKUsRWXm6AtrYz-AZz3ng,People & Blogs,,,289272,24072,75,0,49,37,A
ugBEgf4RHCc,MERI CHANDANI - a wattpad novel,,,1675248093,2023-02-01T10:02:33Z,Jaiswal Diaries,UCdYK_3ELf1ohrbJK3hz40nQ,People & Blogs,,,1437,54,15,0,0,0,57
y_clgtnIMGk,TERATAI WATTPAD #wattpad #rekomendasiceritawattpad #wattpadrekomendasi #ceritaislami #wattpadstories,,,1675592684,2023-02-05T10:02:44Z,12kentang,UChbviQRM9BKMtwLh9VUAOfg,People & Blogs,,,29960,3806,49,0,46,32,A
agLmFQuOO14,Read Breaking Eden on #wattpad #booktube #darkromance #freebooks #wattpad #authortube #books,,,1714539601,2024-05-01T05:05:01Z,Dark Lit Library,UCd7wi7n2bJZxhVZs6H71btw,People & Blogs,en-US,en-US,440,6,0,0,0,0,58
D_EPwd5WyZQ,ABHIPRAYA story from Wattpad,,,1714534002,2024-05-01T03:05:42Z,This Hana,UCMJyKJ7oRqwbtZGHrz2ToyA,People & Blogs,,,15,6,2,0,0,0,59
Ztf16RWWquM,Markiert einen Sebastian Williams Fan üò≠ #comedy #sebvines #deutsch #sebastianwilliams #wattpad,,,1713885580,2024-04-23T15:04:40Z,Sebvines,UC8-GiAH_gVknJQgqnpqBc2Q,Entertainment,,de,274056,26854,87,0,5,2,D
Yo60B4EFZ3M,Episode 39| otw melamar #axellonard#wattpad#wattpadrekomendasi#like #yfp,,,1677853257,2023-03-03T14:03:57Z,kiyaaaa,UCFObmKTtxzEEE-NyaCOUbvg,People & Blogs,,,1435,43,1,0,0,0,60
ClfU74Rb-8o,A Princesa Perdida | Harry Styles fanfic [Wattpad],,,1587910850,2020-04-26T14:04:50Z,phoenixeye trailers.,UCs64gTQfLO8HWsICoqM1izQ,Nonprofits & Activism,,,3273,137,12,0,0,0,61
ie4hdHi9HOc,#rekomendasiwattpad #wattpadindonesia #wattpad #wattpadstory #fiksi #cerita,,,1676084417,2023-02-11T03:02:17Z,Simus Official,UC2AKUsRWXm6AtrYz-AZz3ng,People & Blogs,,,453958,37328,73,0,33,24,A
sRoaDDK_0Fg,Alazim. -e #wattpad #beyazleke #fyp„Ç∑,,,1713805775,2024-04-22T17:04:35Z,Siona.,UCb_RwpjoQr8GqgF-gfBgKZA,People & Blogs,,,3094,381,16,0,2,2,C
US8NSV0UDAU,EL ICEBERG DE WATTPAD,,,1679296583,2023-03-20T07:03:23Z,AngekYT,UCYNcE121w2NLrQep8XvOjHw,Entertainment,,,109155,5762,322,0,27,14,E
Ir7RMsbq7kg,#author #bts #wattpad #fyp„Ç∑ #books #couple #desi #explore #views #jungkook #novel #fyp #bookstagram,,,1714459682,2024-04-30T06:04:02Z,Hear.tlessher,UCeKE5H4ZKZj9Tnbw7AAFVvQ,People & Blogs,,,53,2,0,0,0,0,62
dLleZYkbpPE,TERBARU!!!!!15 deretan cerita wattpad yang Akan Diangkat Menjadi Film ( 2022 ) || Wattpad,,,1658568182,2022-07-23T09:07:02Z,My Biodata,UCFrYa4_1r_0uwImdRJrorXQ,People & Blogs,,,33203,203,10,0,0,0,63
KtIfzp0WCtM,Wattpad Okuyucu Nasƒ±l Arttƒ±rƒ±lƒ±r | P√ºf Noktalar,,,1584723605,2020-03-20T17:03:05Z,E Kitap Ticareti,UCj718S-i_-E9EEqtQidq2Hg,Education,,tr,22950,645,538,0,19,12,C
TZTX-VSU8gc,Wattpad books videos #wattpad #booktok #booktube #tiktok,,,1654098577,2022-06-01T15:06:37Z,herbooksthetic,UCe9mhPv3Md2pirShM20Ouxw,Education,en,en,355270,,312,0,44,30,B
3yZLUCKmgBY,I m His Tutor (Wattpad Full Movie),,,1597828998,2020-08-19T09:08:18Z,MVTS CHANNEL,UCxsvwJZzcbhO4EocCqGs9tQ,Entertainment,,,1506051,9633,164,0,4,4,B
FBzWtd_Sszc,Kitap;G√∂lgelerin Ka√ßƒ±≈üƒ± Wattpad hesabƒ±;Galaksidensize #kitap√∂nerisi #booktok #wattpad #kitaptanƒ±tƒ±m,,,1709316472,2024-03-01T18:03:52Z,~G√ñLGELERƒ∞N KA√áI≈ûI~,UCN4A8jgKyHRq6G_IcW2HniQ,People & Blogs,,,75255,4253,48,0,4,4,C
5jD1NDLwbrE,Kitap;G√∂lgelerin Ka√ßƒ±≈üƒ± Wattpad hesabƒ±;Galaksidensize #kitaptanƒ±tƒ±m #booktube #wattpad,,,1708971793,2024-02-26T18:02:13Z,Wattygalakside,UCLFUc31abuUkftuRTcWXvaw,People & Blogs,,,209540,9479,83,0,13,12,C
M-pK7OT5SS8,Let‚Äôs do it #imagine #spicybooks #spicy #wattpad,,,1695335278,2023-09-21T22:09:58Z,Princess Monisola,UCzBM-Dp8yNueB6sft4p_Ugg,People & Blogs,,,271164,11332,277,0,42,28,D